Date,Time,Item_Code,Quantity_Sold,Unit_Selling_Price,Sale_or_Return,Discount
2020-07-01,09:15:07.924,102900005117056,0.396,7.6,sale,No
2020-07-01,09:17:27.295,102900005115960,0.849,3.2,sale,No
2020-07-01,09:17:33.905,102900005117056,0.409,7.6,sale,No
2020-07-01,09:19:45.450,102900005115823,0.421,10.0,sale,No
2020-07-01,09:20:23.686,102900005115908,0.539,8.0,sale,No
2020-07-01,09:21:55.556,102900005117056,0.277,7.6,sale,No
2020-07-01,09:21:56.536,102900005115779,0.338,8.0,sale,No
2020-07-01,09:22:01.274,102900005117056,0.132,7.6,sale,No
2020-07-01,09:22:01.476,102900005115779,0.213,8.0,sale,No
2020-07-01,09:22:15.998,102900011008522,0.514,8.0,sale,No
2020-07-01,09:22:21.264,102900005118824,0.251,10.0,sale,No
2020-07-01,09:24:21.833,102900005115984,0.251,6.0,sale,No
2020-07-01,09:24:21.905,102900005116530,0.217,18.0,sale,No
2020-07-01,09:24:57.873,102900005115984,0.468,6.0,sale,No
2020-07-01,09:25:31.342,102SS900005116226,0.589,8.0,sale,No
2020-07-01,09:25:45.811,102900005118824,0.711,10.0,sale,No
2020-07-01,09:26:04.530,102900005115779,1.003,8.0,sale,No
2020-07-01,09:28:01.983,102900005116530,0.095,18.0,sale,No
2020-07-01,09:30:17.045,102900005116233,0.15,10.0,sale,No
2020-07-01,09:30:26.948,102900005115984,0.502,6.0,sale,No
2020-07-01,09:31:42.483,102900005115984,0.452,6.0,sale,No
2020-07-01,09:32:25.623,102900005115908,0.501,8.0,sale,No
2020-07-01,09:32:59.701,102900005115779,0.201,8.0,sale,No
2020-07-01,09:33:08.981,102900005115779,0.439,8.0,sale,No
2020-07-01,09:33:09.579,102900005115762,0.686,6.0,sale,No
2020-07-01,09:33:09.998,102900005116714,0.329,14.0,sale,No
2020-07-01,09:35:02.477,102900005115908,0.251,8.0,sale,No
2020-07-01,09:35:02.557,102900005118817,0.243,14.0,sale,No
2020-07-01,09:35:13.164,102900005116530,0.256,18.0,sale,No
2020-07-01,09:35:40.456,102900005115984,0.318,6.0,sale,No
2020-07-01,09:36:36.108,102900011009970,0.445,9.0,sale,No
2020-07-01,09:36:41.217,102900005115779,0.363,8.0,sale,No
2020-07-01,09:36:42.447,102900005117209,0.482,16.0,sale,No
2020-07-01,09:36:43.131,102900011001219,0.343,14.0,sale,No
2020-07-01,09:38:48.342,102900005115984,0.502,6.0,sale,No
2020-07-01,09:39:03.622,102900005115779,0.301,8.0,sale,No
2020-07-01,09:41:09.342,102900005117056,0.198,7.6,sale,No
2020-07-01,09:41:22.206,102900051004294,0.172,14.0,sale,No
2020-07-01,09:41:22.701,102900005117056,0.66,7.6,sale,No
2020-07-01,09:41:37.873,102900005115984,0.753,6.0,sale,No
2020-07-01,09:41:50.626,102900005115984,0.552,6.0,sale,No
2020-07-01,09:41:50.904,102900051004294,0.057,14.0,sale,No
2020-07-01,09:43:10.108,102900005115960,1.101,3.2,sale,No
2020-07-01,09:44:13.951,102900005116547,0.435,6.0,sale,No
2020-07-01,09:44:30.811,102900005115984,0.201,6.0,sale,No
2020-07-01,09:44:54.358,102900005116547,0.452,6.0,sale,No
2020-07-01,09:46:00.552,102900005115984,0.385,6.0,sale,No
2020-07-01,09:46:00.634,102900005116714,0.522,14.0,sale,No
2020-07-01,09:46:32.585,102900005115984,0.435,6.0,sale,No
2020-07-01,09:46:33.204,102900051000944,0.545,39.8,sale,No
2020-07-01,09:46:43.139,102900011009970,0.368,9.0,sale,No
2020-07-01,09:46:45.326,102900005115908,0.313,8.0,sale,No
2020-07-01,09:47:03.686,102900005115779,0.276,8.0,sale,No
2020-07-01,09:51:17.170,102900005116547,0.217,6.0,sale,No
2020-07-01,09:51:24.696,102900005116714,0.236,14.0,sale,No
2020-07-01,09:51:58.076,102900011008522,0.451,8.0,sale,No
2020-07-01,09:52:14.936,102900005116530,0.184,18.0,sale,No
2020-07-01,09:53:40.584,102900005115984,0.418,6.0,sale,No
2020-07-01,09:54:49.759,102900005115984,0.502,6.0,sale,No
2020-07-01,09:55:59.202,102900005116547,0.468,6.0,sale,No
2020-07-01,09:55:59.529,102900005119975,0.234,6.0,sale,No
2020-07-01,09:56:02.826,102900005125815,0.301,10.0,sale,No
2020-07-01,09:57:10.112,102900005115786,0.786,6.0,sale,No
2020-07-01,09:57:39.561,102900011009970,0.401,9.0,sale,No
2020-07-01,09:57:59.405,102900005115960,0.629,3.2,sale,No
2020-07-01,09:59:59.498,102900011009970,0.457,9.0,sale,No
2020-07-01,10:00:17.089,102900005116714,0.401,14.0,sale,No
2020-07-01,10:00:17.255,102900005117056,0.554,7.6,sale,No
2020-07-01,10:00:17.421,102900051010455,0.969,9.0,sale,No
2020-07-01,10:00:31.623,102900005119975,0.468,6.0,sale,No
2020-07-01,10:00:36.217,102900005117056,0.145,7.6,sale,No
2020-07-01,10:00:55.467,102900005115779,0.251,8.0,sale,No
2020-07-01,10:01:04.530,102900005116509,0.829,4.0,sale,No
2020-07-01,10:02:18.931,102900005117056,0.581,7.6,sale,No
2020-07-01,10:02:47.115,102900005116509,0.402,4.0,sale,No
2020-07-01,10:02:47.263,102900005115762,0.702,6.0,sale,No
2020-07-01,10:02:47.478,102900051010455,0.768,9.0,sale,No
2020-07-01,10:03:18.592,102900005119975,0.234,6.0,sale,No
2020-07-01,10:04:14.905,102900005115984,0.769,6.0,sale,No
2020-07-01,10:04:32.326,102900005116714,0.329,14.0,sale,No
2020-07-01,10:06:39.995,102900005115984,0.585,6.0,sale,No
2020-07-01,10:07:09.210,102900005116509,0.402,4.0,sale,No
2020-07-01,10:08:03.203,102900005115762,0.636,6.0,sale,No
2020-07-01,10:09:18.087,102900005116530,0.095,18.0,sale,No
2020-07-01,10:09:28.185,102900005115779,0.426,8.0,sale,No
2020-07-01,10:09:28.663,102900005116509,0.427,4.0,sale,No
2020-07-01,10:10:33.190,102900005115984,0.636,6.0,sale,No
2020-07-01,10:11:13.217,102900005116530,0.312,18.0,sale,No
2020-07-01,10:11:35.951,102900051004294,0.372,14.0,sale,No
2020-07-01,10:11:36.576,102900005117056,0.515,7.6,sale,No
2020-07-01,10:11:42.576,102900005116943,0.339,18.0,sale,No
2020-07-01,10:11:43.764,102900005115960,1.321,3.2,sale,No
2020-07-01,10:12:17.628,102900005116714,0.386,14.0,sale,No
2020-07-01,10:12:18.196,102900005116257,0.585,6.0,sale,No
2020-07-01,10:12:32.281,102900005125808,0.182,25.8,sale,No
2020-07-01,10:13:08.905,102900005115779,0.476,8.0,sale,No
2020-07-01,10:13:25.034,102900005125808,0.058,25.8,sale,No
2020-07-01,10:13:39.264,102900005125815,0.2,10.0,sale,No
2020-07-01,10:14:44.982,102900005115779,0.338,8.0,sale,No
2020-07-01,10:14:59.001,102900011009970,0.523,9.0,sale,No
2020-07-01,10:14:59.407,102900005125815,0.261,10.0,sale,No
2020-07-01,10:15:47.811,102900005116943,0.072,18.0,sale,No
2020-07-01,10:16:23.086,102900005115960,1.132,3.2,sale,No
2020-07-01,10:16:23.249,102900005117056,0.369,7.6,sale,No
2020-07-01,10:16:23.655,102900005125815,0.22,10.0,sale,No
2020-07-01,10:16:55.494,102900005115779,0.276,8.0,sale,No
2020-07-01,10:16:55.575,102900005116714,0.393,14.0,sale,No
2020-07-01,10:17:25.248,102900005115779,0.326,8.0,sale,No
2020-07-01,10:17:37.463,102900005115779,0.363,8.0,sale,No
2020-07-01,10:17:37.686,102900005115984,0.217,6.0,sale,No
2020-07-01,10:17:37.902,102900005125808,0.147,25.8,sale,No
2020-07-01,10:18:24.919,102900005115984,0.686,6.0,sale,No
2020-07-01,10:18:31.050,102900005115984,0.401,6.0,sale,No
2020-07-01,10:18:31.966,102900005117056,0.515,7.6,sale,No
2020-07-01,10:18:37.200,102900005116547,0.318,6.0,sale,No
2020-07-01,10:20:00.067,102900005116547,0.401,6.0,sale,No
2020-07-01,10:20:38.736,102900005115823,0.241,10.0,sale,No
2020-07-01,10:20:39.998,102900005116714,0.393,14.0,sale,No
2020-07-01,10:20:44.936,102900005115779,0.464,8.0,sale,No
2020-07-01,10:22:09.186,102900005115762,0.485,6.0,sale,No
2020-07-01,10:22:16.811,102900005116547,0.502,6.0,sale,No
2020-07-01,10:22:46.756,102900005115779,0.238,8.0,sale,No
2020-07-01,10:22:56.391,102900005115960,0.598,3.2,sale,No
2020-07-01,10:22:56.639,102900005115960,0.943,3.2,sale,No
2020-07-01,10:22:57.280,102900005115984,0.368,6.0,sale,No
2020-07-01,10:23:00.030,102900005116547,0.334,6.0,sale,No
2020-07-01,10:23:02.217,102900005115960,0.943,3.2,sale,No
2020-07-01,10:24:30.335,102900011009970,0.613,9.0,sale,No
2020-07-01,10:24:30.416,102900005117056,0.449,7.6,sale,No
2020-07-01,10:25:20.774,102900005115779,0.551,8.0,sale,No
2020-07-01,10:25:20.963,102900005125808,0.159,25.8,sale,No
2020-07-01,10:25:21.036,102900005116233,0.19,10.0,sale,No
2020-07-01,10:25:21.460,102900005117056,0.33,7.6,sale,No
2020-07-01,10:27:16.124,102900005116530,0.239,18.0,sale,No
2020-07-01,10:27:21.491,102900005115984,0.535,6.0,sale,No
2020-07-01,10:27:42.965,102900005115984,0.217,6.0,sale,No
2020-07-01,10:27:59.280,102900005115823,0.661,10.0,sale,No
2020-07-01,10:29:33.595,102900005116714,0.329,14.0,sale,No
2020-07-01,10:30:39.480,102900005115779,0.263,8.0,sale,No
2020-07-01,10:32:02.757,102900005116257,0.719,6.0,sale,No
2020-07-01,10:32:02.840,102900005115786,0.452,6.0,sale,No
2020-07-01,10:32:24.393,102900005116547,0.502,6.0,sale,No
2020-07-01,10:32:52.257,102900005125808,0.12,25.8,sale,No
2020-07-01,10:32:52.420,102900005116530,0.212,18.0,sale,No
2020-07-01,10:32:52.501,102900005115823,0.491,10.0,sale,No
2020-07-01,10:32:56.686,102900005115762,0.619,6.0,sale,No
2020-07-01,10:32:59.858,102900005115779,0.489,8.0,sale,No
2020-07-01,10:33:30.967,102900005117056,0.238,7.6,sale,No
2020-07-01,10:33:45.248,102900005116257,0.652,6.0,sale,No
2020-07-01,10:34:41.920,102900005116547,0.452,6.0,sale,No
2020-07-01,10:35:01.628,102900005115779,0.576,8.0,sale,No
2020-07-01,10:36:10.389,102900005116943,0.784,18.0,sale,No
2020-07-01,10:36:45.014,102900011008522,0.714,8.0,sale,No
2020-07-01,10:39:15.405,102900005125808,0.089,25.8,sale,No
2020-07-01,10:39:23.623,102900005116233,0.21,10.0,sale,No
2020-07-01,10:39:30.405,102900005116714,0.444,14.0,sale,No
2020-07-01,10:39:39.030,102900005125808,0.031,25.8,sale,No
2020-07-01,10:39:46.217,102900005116530,0.223,18.0,sale,No
2020-07-01,10:39:54.326,102900005115823,0.21,10.0,sale,No
2020-07-01,10:40:08.936,102900005119944,0.238,16.0,sale,No
2020-07-01,10:40:51.258,102900005115984,0.401,6.0,sale,No
2020-07-01,10:40:51.415,102900011009970,0.379,9.0,sale,No
2020-07-01,10:41:54.750,102900005116714,0.429,14.0,sale,No
2020-07-01,10:42:40.748,102900005116714,0.429,14.0,sale,No
2020-07-01,10:44:15.357,102900005117056,0.277,7.6,sale,No
2020-07-01,10:44:15.855,102900005116509,0.251,4.0,sale,No
2020-07-01,10:44:16.021,102900005116233,0.16,10.0,sale,No
2020-07-01,10:44:45.405,102900005116714,0.436,14.0,sale,No
2020-07-01,10:45:09.547,102900005115762,0.602,6.0,sale,No
2020-07-01,10:45:14.601,102900005116714,0.823,14.0,sale,No
2020-07-01,10:45:14.681,102900005115823,0.301,10.0,sale,No
2020-07-01,10:45:14.983,102900011008522,0.815,8.0,sale,No
2020-07-01,10:45:15.066,102900051010455,0.846,9.0,sale,No
2020-07-01,10:45:15.146,102900005118817,0.594,14.0,sale,No
2020-07-01,10:45:31.342,102900011009970,0.412,9.0,sale,No
2020-07-01,10:46:13.264,102900005115984,0.452,6.0,sale,No
2020-07-01,10:47:11.061,102900005115779,0.1,8.0,sale,No
2020-07-01,10:47:13.748,102900005125808,0.047,25.8,sale,No
2020-07-01,10:47:28.312,102900005115779,0.113,8.0,sale,No
2020-07-01,10:47:28.652,102900005119975,0.234,6.0,sale,No
2020-07-01,10:48:18.850,102900005117056,0.554,7.6,sale,No
2020-07-01,10:48:28.651,102900005119975,0.268,6.0,sale,No
2020-07-01,10:49:07.061,102900005117056,0.449,7.6,sale,No
2020-07-01,10:49:32.264,102900005116509,0.729,4.0,sale,No
2020-07-01,10:49:45.936,102900005115984,0.452,6.0,sale,No
2020-07-01,10:52:01.405,102900005117056,0.132,7.6,sale,No
2020-07-01,10:53:19.795,102900005115984,0.351,6.0,sale,No
2020-07-01,10:53:29.639,102900005116530,0.228,18.0,sale,No
2020-07-01,10:53:34.873,102900005115960,0.692,3.2,sale,No
2020-07-01,10:53:43.499,102900051010455,0.768,9.0,sale,No
2020-07-01,10:53:45.514,102900005116943,0.15,18.0,sale,No
2020-07-01,10:54:35.748,102900005117056,0.251,7.6,sale,No
2020-07-01,10:54:39.983,102900005115779,0.263,8.0,sale,No
2020-07-01,10:55:43.076,102900011006948,0.313,16.0,sale,No
2020-07-01,10:56:07.233,102900005115779,0.338,8.0,sale,No
2020-07-01,10:56:50.282,102900011008522,0.589,8.0,sale,No
2020-07-01,10:57:29.062,102900005115984,0.401,6.0,sale,No
2020-07-01,10:57:41.299,102900005116547,0.468,6.0,sale,No
2020-07-01,10:57:41.382,102900005116509,0.427,4.0,sale,No
2020-07-01,10:57:41.464,102900005117056,0.238,7.6,sale,No
2020-07-01,10:58:29.373,102900005116714,0.436,14.0,sale,No
2020-07-01,10:58:46.988,102900005116530,0.089,18.0,sale,No
2020-07-01,10:59:29.325,102900005115984,0.619,6.0,sale,No
2020-07-01,10:59:29.397,102900005116530,0.084,18.0,sale,No
2020-07-01,11:00:06.023,102900005116714,0.393,14.0,sale,No
2020-07-01,11:01:03.483,102900005116509,0.477,4.0,sale,No
2020-07-01,11:01:05.527,102900005115786,0.401,6.0,sale,No
2020-07-01,11:01:24.181,102900011009970,0.423,9.0,sale,No
2020-07-01,11:01:24.263,102900005118824,0.291,10.0,sale,No
2020-07-01,11:01:24.345,102900005116943,0.161,18.0,sale,No
2020-07-01,11:01:24.480,102900005125815,0.21,10.0,sale,No
2020-07-01,11:01:24.561,102900005115823,0.411,10.0,sale,No
2020-07-01,11:01:30.951,102900005115786,0.468,6.0,sale,No
2020-07-01,11:01:49.070,102900005116714,0.329,14.0,sale,No
2020-07-01,11:01:49.458,102900005115779,0.276,8.0,sale,No
2020-07-01,11:01:56.443,102900005117056,0.238,7.6,sale,No
2020-07-01,11:02:04.655,102900005118824,0.361,10.0,sale,No
2020-07-01,11:02:20.264,102900005117056,0.356,7.6,sale,No
2020-07-01,11:03:38.764,102900005116530,0.256,18.0,sale,No
2020-07-01,11:03:44.326,102900005116714,0.343,14.0,sale,No
2020-07-01,11:04:04.509,102900005115984,0.518,6.0,sale,No
2020-07-01,11:06:37.045,102900005115793,0.426,16.0,sale,No
2020-07-01,11:06:42.280,102900005117056,0.462,7.6,sale,No
2020-07-01,11:08:13.451,102900005116714,0.329,14.0,sale,No
2020-07-01,11:08:17.186,102900005115762,0.619,6.0,sale,No
2020-07-01,11:09:54.498,102900051004294,0.329,14.0,sale,No
2020-07-01,11:11:41.858,102900005115786,0.368,6.0,sale,No
2020-07-01,11:11:44.160,102900005117056,0.462,7.6,sale,No
2020-07-01,11:12:32.264,102900005117056,0.251,7.6,sale,No
2020-07-01,11:12:47.967,102900051004294,0.258,14.0,sale,No
2020-07-01,11:12:59.686,102900005117056,0.435,7.6,sale,No
2020-07-01,11:12:59.767,102900005125815,0.301,10.0,sale,No
2020-07-01,11:12:59.928,102900005115786,0.836,6.0,sale,No
2020-07-01,11:14:23.086,102900005117056,0.251,7.6,sale,No
2020-07-01,11:14:28.414,102900011009970,0.535,9.0,sale,No
2020-07-01,11:14:28.496,102900005115762,0.452,6.0,sale,No
2020-07-01,11:14:43.920,102900005115779,0.426,8.0,sale,No
2020-07-01,11:14:45.311,102900005125815,0.441,10.0,sale,No
2020-07-01,11:14:47.967,102900005116509,0.729,4.0,sale,No
2020-07-01,11:15:27.122,102900005117056,0.383,7.6,sale,No
2020-07-01,11:15:27.206,102900005115779,0.313,8.0,sale,No
2020-07-01,11:15:57.248,102900005123880,0.376,12.0,sale,No
2020-07-01,11:15:58.359,102900005115793,0.432,16.0,sale,No
2020-07-01,11:15:58.605,102900005117056,0.594,7.6,sale,No
2020-07-01,11:15:58.686,102900005115786,0.401,6.0,sale,No
2020-07-01,11:16:18.125,102900005116233,0.321,10.0,sale,No
2020-07-01,11:16:23.326,102900011008522,0.401,8.0,sale,No
2020-07-01,11:16:45.811,102900005117056,0.264,7.6,sale,No
2020-07-01,11:17:01.615,102900005115779,0.363,8.0,sale,No
2020-07-01,11:17:12.377,102900005115779,0.313,8.0,sale,No
2020-07-01,11:17:37.280,102900005115793,0.451,16.0,sale,No
2020-07-01,11:20:58.905,102900005115779,0.551,8.0,sale,No
2020-07-01,11:21:13.342,102900005116714,0.436,14.0,sale,No
2020-07-01,11:21:32.767,102900011009970,0.49,9.0,sale,No
2020-07-01,11:23:01.155,102900005119975,0.251,6.0,sale,No
2020-07-01,11:23:12.717,102900005115908,0.551,8.0,sale,No
2020-07-01,11:23:24.920,102900005119975,0.217,6.0,sale,No
2020-07-01,11:24:36.207,102900005115779,0.251,8.0,sale,No
2020-07-01,11:25:36.368,102900005117056,0.303,7.6,sale,No
2020-07-01,11:27:37.892,102900005125808,0.182,25.8,sale,No
2020-07-01,11:27:58.031,102900005116509,0.729,4.0,sale,No
2020-07-01,11:27:58.105,102900005115984,0.435,6.0,sale,No
2020-07-01,11:27:58.292,102900005125808,0.078,25.8,sale,No
2020-07-01,11:27:58.364,102900005116547,0.518,6.0,sale,No
2020-07-01,11:27:58.648,102900005125815,0.611,10.0,sale,No
2020-07-01,11:28:14.108,102900005115779,0.238,8.0,sale,No
2020-07-01,11:28:40.562,102900005119975,0.452,6.0,sale,No
2020-07-01,11:28:40.724,102900005117056,0.462,7.6,sale,No
2020-07-01,11:28:41.862,102900005125808,0.128,25.8,sale,No
2020-07-01,11:32:09.201,102900005115779,0.489,8.0,sale,No
2020-07-01,11:32:35.373,102900005117056,0.501,7.6,sale,No
2020-07-01,11:32:54.295,102900005115960,1.258,3.2,sale,No
2020-07-01,11:33:30.695,102900005115779,0.363,8.0,sale,No
2020-07-01,11:33:30.858,102900005119975,0.251,6.0,sale,No
2020-07-01,11:34:15.576,102900005115786,0.401,6.0,sale,No
2020-07-01,11:34:46.904,102900005116509,0.553,4.0,sale,No
2020-07-01,11:35:09.201,102900005115762,0.602,6.0,sale,No
2020-07-01,11:36:05.401,102900005116714,0.708,14.0,sale,No
2020-07-01,11:36:05.476,102900005115786,0.401,6.0,sale,No
2020-07-01,11:36:45.839,102900005116547,0.468,6.0,sale,No
2020-07-01,11:36:51.652,102900005115984,0.435,6.0,sale,No
2020-07-01,11:38:16.477,102900005115823,0.571,10.0,sale,No
2020-07-01,11:38:16.722,102900005115779,0.414,8.0,sale,No
2020-07-01,11:39:00.925,102900005119975,0.636,6.0,sale,No
2020-07-01,11:39:29.079,102900005116714,0.343,14.0,sale,No
2020-07-01,11:39:29.160,102900005115793,0.313,16.0,sale,No
2020-07-01,11:41:43.967,102900005116530,0.189,18.0,sale,No
2020-07-01,11:42:32.561,102900005117056,0.924,7.6,sale,No
2020-07-01,11:42:50.795,102900005119975,0.535,6.0,sale,No
2020-07-01,11:43:04.358,102900005116530,0.178,18.0,sale,No
2020-07-01,11:43:18.451,102900011006948,0.25,16.0,sale,No
2020-07-01,11:43:23.108,102900005115908,0.526,8.0,sale,No
2020-07-01,11:43:25.936,102900005117056,0.581,7.6,sale,No
2020-07-01,11:43:38.125,102900005115779,0.1,8.0,sale,No
2020-07-01,11:44:44.842,102900005115779,0.351,8.0,sale,No
2020-07-01,11:45:36.170,102900005115779,0.727,8.0,sale,No
2020-07-01,11:46:33.864,102900005115779,0.664,8.0,sale,No
2020-07-01,11:46:34.271,102900005116714,0.393,14.0,sale,No
2020-07-01,11:49:02.191,102900005117056,0.673,7.6,sale,No
2020-07-01,11:49:02.277,102900005125808,0.05,25.8,sale,No
2020-07-01,11:49:02.446,102900011008522,0.489,8.0,sale,No
2020-07-01,11:49:44.275,102900005115823,0.421,10.0,sale,No
2020-07-01,11:49:44.439,102900005116943,0.122,18.0,sale,No
2020-07-01,11:50:18.217,102900005117056,0.515,7.6,sale,No
2020-07-01,11:51:26.311,102900005115946,0.344,7.0,sale,No
2020-07-01,11:51:28.623,102900005115779,0.689,8.0,sale,No
2020-07-01,11:51:47.358,102900011001219,0.343,14.0,sale,No
2020-07-01,11:52:09.858,102900005115823,0.241,10.0,sale,No
2020-07-01,11:54:00.129,102900005115779,0.551,8.0,sale,No
2020-07-01,11:54:41.998,102900005117056,0.132,7.6,sale,No
2020-07-01,11:57:32.123,102900005117056,0.33,7.6,sale,No
2020-07-01,11:57:57.076,102900005117056,0.356,7.6,sale,No
2020-07-01,11:58:00.873,102900005118817,0.379,14.0,sale,No
2020-07-01,11:58:22.835,102900005117056,0.462,7.6,sale,No
2020-07-01,11:59:59.684,102900005115960,0.723,3.2,sale,No
2020-07-01,12:00:08.795,102900005116714,0.758,14.0,sale,No
2020-07-01,12:00:18.811,102900005117209,0.213,16.0,sale,No
2020-07-01,12:00:21.639,102900011001219,0.165,14.0,sale,No
2020-07-01,12:01:43.545,102900005117056,0.396,7.6,sale,No
2020-07-01,12:02:11.208,102900005117056,0.488,7.6,sale,No
2020-07-01,12:02:11.532,102900005115984,0.401,6.0,sale,No
2020-07-01,12:02:11.615,102900005116714,0.472,14.0,sale,No
2020-07-01,12:02:11.781,102900005125815,0.411,10.0,sale,No
2020-07-01,12:02:50.608,102900005119975,0.485,6.0,sale,No
2020-07-01,12:02:56.123,102900005117056,0.739,7.6,sale,No
2020-07-01,12:02:57.983,102900005115984,0.368,6.0,sale,No
2020-07-01,12:03:00.905,102900005115984,0.535,6.0,sale,No
2020-07-01,12:03:12.608,102900005118817,0.207,14.0,sale,No
2020-07-01,12:03:53.024,102900005115779,0.263,8.0,sale,No
2020-07-01,12:04:33.170,102900005118817,0.501,14.0,sale,No
2020-07-01,12:04:34.951,102900005116547,0.468,6.0,sale,No
2020-07-01,12:04:36.076,102900005115786,0.636,6.0,sale,No
2020-07-01,12:07:40.000,102900005115786,0.368,6.0,sale,No
2020-07-01,12:07:40.080,102900005117056,0.475,7.6,sale,No
2020-07-01,12:08:58.733,102900005118831,1.0,6.9,sale,No
2020-07-01,12:09:24.576,102900005115786,0.351,6.0,sale,No
2020-07-01,12:14:22.967,102900005115946,0.344,7.0,sale,No
2020-07-01,12:15:48.443,102900011008522,0.514,8.0,sale,No
2020-07-01,12:15:59.498,102900051004294,0.2,14.0,sale,No
2020-07-01,12:16:02.139,102900005116714,0.479,14.0,sale,No
2020-07-01,12:16:05.936,102900005116233,0.08,10.0,sale,No
2020-07-01,12:16:10.264,102900005115960,0.755,3.2,sale,No
2020-07-01,12:16:24.280,102900011009970,0.546,9.0,sale,No
2020-07-01,12:16:49.092,102900005116714,0.436,14.0,sale,No
2020-07-01,12:19:28.434,102900005116233,0.14,10.0,sale,No
2020-07-01,12:19:28.697,102900005116257,0.401,6.0,sale,No
2020-07-01,12:19:50.349,102900005117056,0.158,7.6,sale,No
2020-07-01,12:22:43.248,102900005115793,0.451,16.0,sale,No
2020-07-01,12:22:47.936,102900005116509,0.578,4.0,sale,No
2020-07-01,12:29:08.217,102900005115823,0.671,10.0,sale,No
2020-07-01,12:29:12.061,102900005125808,0.027,25.8,sale,No
2020-07-01,12:29:14.217,102900005117056,0.383,7.6,sale,No
2020-07-01,12:29:40.839,102900005115984,0.435,6.0,sale,No
2020-07-01,12:29:50.067,102900005115779,0.338,8.0,sale,No
2020-07-01,12:29:50.147,102900005115984,0.318,6.0,sale,No
2020-07-01,12:30:33.530,102900005115786,0.518,6.0,sale,No
2020-07-01,12:40:24.251,102900005117056,0.369,7.6,sale,No
2020-07-01,12:46:28.030,102900005116714,-0.436,14.0,return,No
2020-07-01,12:49:23.530,102900005116257,0.836,6.0,sale,No
2020-07-01,12:49:39.437,102900005115779,0.188,8.0,sale,No
2020-07-01,12:52:57.030,102900005115762,0.518,6.0,sale,No
2020-07-01,12:53:08.108,102900005119975,0.251,6.0,sale,No
2020-07-01,12:55:03.467,102900005117056,0.119,7.6,sale,No
2020-07-01,13:01:52.280,102900011006948,0.238,16.0,sale,No
2020-07-01,13:02:02.326,102900005115779,0.238,8.0,sale,No
2020-07-01,13:03:45.998,102900005117056,0.343,7.6,sale,No
2020-07-01,13:04:00.420,102900005115786,0.351,6.0,sale,No
2020-07-01,13:08:59.576,102900005115786,0.401,6.0,sale,No
2020-07-01,13:09:24.514,102900005116547,0.435,6.0,sale,No
2020-07-01,13:10:00.170,102900005118831,1.0,6.4,sale,Yes
2020-07-01,13:19:03.891,102900011009970,0.713,9.0,sale,No
2020-07-01,13:19:04.044,102900005116257,0.351,6.0,sale,No
2020-07-01,13:21:18.826,102900011008522,0.915,8.0,sale,No
2020-07-01,13:27:18.125,102900005116257,0.753,6.0,sale,No
2020-07-01,13:27:18.291,102900005117056,0.646,7.6,sale,No
2020-07-01,13:27:18.789,102900005116714,0.429,14.0,sale,No
2020-07-01,13:33:59.826,102900011009970,0.635,9.0,sale,No
2020-07-01,13:39:46.811,102900005116509,0.628,4.0,sale,No
2020-07-01,13:49:32.967,102900005116714,0.3,14.0,sale,No
2020-07-01,13:50:05.670,102900005125815,0.992,10.0,sale,No
2020-07-01,13:50:07.889,102900005115984,0.853,6.0,sale,No
2020-07-01,14:01:31.889,102900005123880,0.359,12.0,sale,No
2020-07-01,14:01:34.373,102900011001219,0.315,14.0,sale,No
2020-07-01,14:11:58.620,102900005117056,0.383,7.6,sale,No
2020-07-01,14:11:58.782,102900005115779,0.702,8.0,sale,No
2020-07-01,14:17:12.807,102900005117056,0.211,7.6,sale,No
2020-07-01,14:17:12.887,102900005115823,0.561,10.0,sale,No
2020-07-01,14:17:42.280,102900005115984,0.518,6.0,sale,No
2020-07-01,14:28:05.186,102900005125815,0.241,10.0,sale,No
2020-07-01,14:28:05.511,102900005117056,0.264,7.6,sale,No
2020-07-01,14:28:05.592,102900005118824,0.2,10.0,sale,No
2020-07-01,14:29:07.498,102900011008522,0.501,8.0,sale,No
2020-07-01,14:29:10.123,102900005118817,0.436,14.0,sale,No
2020-07-01,14:29:12.498,102900005117056,0.541,7.6,sale,No
2020-07-01,14:37:08.342,102900005116530,0.106,18.0,sale,No
2020-07-01,14:37:52.506,102900005119975,0.234,6.0,sale,No
2020-07-01,14:37:52.586,102900005116530,0.206,18.0,sale,No
2020-07-01,14:37:52.667,102900005117056,0.238,7.6,sale,No
2020-07-01,14:37:52.747,102900011008522,0.301,8.0,sale,No
2020-07-01,14:37:52.828,102900005115779,0.288,8.0,sale,No
2020-07-01,14:45:00.780,102900005115984,0.552,6.0,sale,No
2020-07-01,14:46:12.469,102900005115779,0.79,8.0,sale,No
2020-07-01,14:47:40.678,102900005115779,0.351,8.0,sale,No
2020-07-01,14:47:40.747,102900005117056,0.449,7.6,sale,No
2020-07-01,14:47:47.280,102900005116714,0.408,14.0,sale,No
2020-07-01,14:47:50.326,102900005125815,0.22,10.0,sale,No
2020-07-01,14:50:59.451,102900005115786,0.87,6.0,sale,No
2020-07-01,14:51:16.467,102900005125815,0.271,10.0,sale,No
2020-07-01,14:52:29.577,102900011008522,0.501,8.0,sale,No
2020-07-01,14:53:56.361,102900005115984,0.385,6.0,sale,No
2020-07-01,14:53:56.497,102900005117056,0.435,7.6,sale,No
2020-07-01,14:53:56.770,102900005119975,0.234,6.0,sale,No
2020-07-01,14:53:57.113,102900005125808,0.089,25.8,sale,No
2020-07-01,14:53:57.231,102900005116257,0.836,6.0,sale,No
2020-07-01,14:54:50.553,102900005116714,0.544,14.0,sale,No
2020-07-01,14:55:24.326,102900005115793,0.357,16.0,sale,No
2020-07-01,15:06:31.019,102900005115779,0.326,8.0,sale,No
2020-07-01,15:10:39.639,102900005116226,0.075,8.0,sale,No
2020-07-01,15:10:43.576,102900005116233,0.09,10.0,sale,No
2020-07-01,15:10:47.123,102900005119975,0.452,6.0,sale,No
2020-07-01,15:12:13.744,102900005116714,0.451,14.0,sale,No
2020-07-01,15:14:25.920,102900005116714,0.401,14.0,sale,No
2020-07-01,15:15:31.264,102900011008522,0.338,8.0,sale,No
2020-07-01,15:15:46.076,102900051004294,0.129,14.0,sale,No
2020-07-01,15:15:48.764,102900005116943,0.072,18.0,sale,No
2020-07-01,15:17:43.701,102900005115779,0.501,8.0,sale,No
2020-07-01,15:17:55.530,102900005118817,0.601,14.0,sale,No
2020-07-01,15:18:00.030,102900005117056,0.185,7.6,sale,No
2020-07-01,15:18:00.582,102900005116547,0.318,6.0,sale,No
2020-07-01,15:18:27.217,102900005117056,0.607,7.6,sale,No
2020-07-01,15:18:34.733,102900005115779,0.426,8.0,sale,No
2020-07-01,15:18:46.686,102900005118831,1.0,6.9,sale,No
2020-07-01,15:20:04.514,102900005115823,0.782,10.0,sale,No
2020-07-01,15:21:58.826,102900005118824,0.331,10.0,sale,No
2020-07-01,15:24:35.295,102900005116714,0.379,14.0,sale,No
2020-07-01,15:25:14.764,102900005115823,0.431,10.0,sale,No
2020-07-01,15:25:30.030,102900005125808,0.256,25.8,sale,No
2020-07-01,15:25:37.686,102900005115960,1.069,3.2,sale,No
2020-07-01,15:25:41.076,102900005116530,0.173,18.0,sale,No
2020-07-01,15:29:11.280,102900005116233,0.07,10.0,sale,No
2020-07-01,15:33:00.561,102900005115793,0.388,16.0,sale,No
2020-07-01,15:33:51.655,102900051010455,0.29,9.0,sale,No
2020-07-01,15:33:58.123,102900005116257,0.385,6.0,sale,No
2020-07-01,15:34:07.030,102900005125815,0.411,10.0,sale,No
2020-07-01,15:35:44.780,102900005116547,0.468,6.0,sale,No
2020-07-01,15:36:33.018,102900051010455,0.535,9.0,sale,No
2020-07-01,15:36:33.223,102900005116714,0.515,14.0,sale,No
2020-07-01,15:36:43.405,102900005117056,0.29,7.6,sale,No
2020-07-01,15:37:11.694,102900005115779,0.363,8.0,sale,No
2020-07-01,15:40:44.754,102900005115984,0.334,6.0,sale,No
2020-07-01,15:41:43.939,102900005116547,0.435,6.0,sale,No
2020-07-01,15:41:44.084,102900005115984,0.201,6.0,sale,No
2020-07-01,15:42:34.233,102900005117209,0.288,16.0,sale,No
2020-07-01,15:42:36.088,102900005115823,0.231,10.0,sale,No
2020-07-01,15:46:03.181,102900011008522,0.401,8.0,sale,No
2020-07-01,15:46:03.341,102900005115984,0.368,6.0,sale,No
2020-07-01,15:46:10.650,102900005115823,0.16,10.0,sale,No
2020-07-01,15:46:23.545,102900005116530,0.39,18.0,sale,No
2020-07-01,15:48:25.662,102900005125815,0.281,10.0,sale,No
2020-07-01,15:50:03.746,102900005125808,0.089,25.8,sale,No
2020-07-01,15:50:59.871,102900005116714,0.386,14.0,sale,No
2020-07-01,15:54:13.724,102900005115984,0.368,6.0,sale,No
2020-07-01,15:54:36.530,102900005116547,0.418,6.0,sale,No
2020-07-01,15:55:06.123,102900005116714,0.401,14.0,sale,No
2020-07-01,15:55:17.389,102900005116509,0.251,4.0,sale,No
2020-07-01,15:55:23.655,102900005115779,0.213,8.0,sale,No
2020-07-01,15:55:44.326,102900051010455,0.368,9.0,sale,No
2020-07-01,15:56:35.838,102900005116547,0.418,6.0,sale,No
2020-07-01,15:56:35.917,102900051004294,0.143,14.0,sale,No
2020-07-01,15:57:28.537,102900005125808,0.085,25.8,sale,No
2020-07-01,16:00:16.327,102900005115908,0.589,8.0,sale,No
2020-07-01,16:01:17.832,102900051010455,0.613,9.0,sale,No
2020-07-01,16:01:17.992,102900005116714,0.436,14.0,sale,No
2020-07-01,16:03:42.639,102900005119975,0.953,6.0,sale,No
2020-07-01,16:04:25.080,102900005116226,0.238,8.0,sale,No
2020-07-01,16:04:50.467,102900005117209,0.419,16.0,sale,No
2020-07-01,16:05:13.553,102900005116714,0.329,14.0,sale,No
2020-07-01,16:07:14.625,102900005119975,0.485,6.0,sale,No
2020-07-01,16:07:14.943,102900005115779,0.338,8.0,sale,No
2020-07-01,16:09:47.385,102900005115946,0.459,7.0,sale,No
2020-07-01,16:10:08.595,102900005115823,0.341,10.0,sale,No
2020-07-01,16:10:08.675,102900005115779,0.401,8.0,sale,No
2020-07-01,16:10:08.835,102900011008522,0.99,8.0,sale,No
2020-07-01,16:10:15.479,102900005119975,0.234,6.0,sale,No
2020-07-01,16:10:15.557,102900005115984,0.334,6.0,sale,No
2020-07-01,16:10:15.636,102900005115779,0.226,8.0,sale,No
2020-07-01,16:10:24.717,102900005118831,1.0,6.9,sale,No
2020-07-01,16:10:24.807,102900005115823,0.15,10.0,sale,No
2020-07-01,16:11:17.775,102900005116530,0.418,18.0,sale,No
2020-07-01,16:11:18.057,102900005115823,0.371,10.0,sale,No
2020-07-01,16:12:15.186,102900005117056,0.33,7.6,sale,No
2020-07-01,16:12:27.842,102900005115779,0.263,8.0,sale,No
2020-07-01,16:13:21.017,102900005117056,0.303,7.6,sale,No
2020-07-01,16:13:21.633,102900011001219,0.136,14.0,sale,No
2020-07-01,16:13:21.712,102900005115984,0.318,6.0,sale,No
2020-07-01,16:13:21.792,102900011009970,0.323,9.0,sale,No
2020-07-01,16:14:18.916,102900051004294,0.551,14.0,sale,No
2020-07-01,16:14:19.340,102900005118831,1.0,6.9,sale,No
2020-07-01,16:14:19.596,102900005125808,0.074,25.8,sale,No
2020-07-01,16:16:13.764,102900011006948,0.388,16.0,sale,No
2020-07-01,16:16:15.826,102900005116547,0.418,6.0,sale,No
2020-07-01,16:20:40.215,102900005117056,0.501,7.6,sale,No
2020-07-01,16:20:50.996,102900005119975,0.234,6.0,sale,No
2020-07-01,16:20:51.076,102900005117056,0.238,7.6,sale,No
2020-07-01,16:21:04.824,102900005117056,0.554,7.6,sale,No
2020-07-01,16:21:04.903,102900005116547,0.401,6.0,sale,No
2020-07-01,16:21:05.225,102900005115984,0.636,6.0,sale,No
2020-07-01,16:22:33.155,102900005115779,0.326,8.0,sale,No
2020-07-01,16:22:45.108,102900005115960,1.006,3.2,sale,No
2020-07-01,16:22:45.258,102900005116714,0.572,14.0,sale,No
2020-07-01,16:22:45.717,102900005125815,0.421,10.0,sale,No
2020-07-01,16:22:45.950,102900005115793,0.369,16.0,sale,No
2020-07-01,16:23:17.376,102900005118824,0.361,10.0,sale,No
2020-07-01,16:23:24.139,102900005119975,0.502,6.0,sale,No
2020-07-01,16:23:59.409,102900005116714,0.436,14.0,sale,No
2020-07-01,16:23:59.691,102900005115786,0.418,6.0,sale,No
2020-07-01,16:23:59.763,102900005115779,0.464,8.0,sale,No
2020-07-01,16:26:33.311,102900005115984,0.769,6.0,sale,No
2020-07-01,16:26:36.127,102900005118824,0.291,10.0,sale,No
2020-07-01,16:26:36.530,102900005115823,0.351,10.0,sale,No
2020-07-01,16:27:10.748,102900005117056,0.581,7.6,sale,No
2020-07-01,16:27:14.201,102900005115960,1.069,3.2,sale,No
2020-07-01,16:27:34.333,102900005115779,0.326,8.0,sale,No
2020-07-01,16:27:36.983,102900005115762,0.92,6.0,sale,No
2020-07-01,16:27:39.250,102900005116714,0.379,14.0,sale,No
2020-07-01,16:27:39.320,102900005115779,0.351,8.0,sale,No
2020-07-01,16:27:39.458,102900005116257,0.368,6.0,sale,No
2020-07-01,16:27:39.737,102900011001219,0.293,14.0,sale,No
2020-07-01,16:27:48.933,102900005115779,0.326,8.0,sale,No
2020-07-01,16:27:49.013,102900005116714,0.522,14.0,sale,No
2020-07-01,16:27:49.160,102900005116233,0.17,10.0,sale,No
2020-07-01,16:28:39.076,102900005116714,0.465,14.0,sale,No
2020-07-01,16:29:58.179,102900005117056,0.356,7.6,sale,No
2020-07-01,16:30:13.716,102900005116257,0.351,6.0,sale,No
2020-07-01,16:30:14.033,102900005119975,0.217,6.0,sale,No
2020-07-01,16:30:14.274,102900005116530,0.123,18.0,sale,No
2020-07-01,16:30:39.858,102900005116714,0.379,14.0,sale,No
2020-07-01,16:31:33.606,102900005117056,0.726,7.6,sale,No
2020-07-01,16:32:07.172,102900005115779,0.401,8.0,sale,No
2020-07-01,16:32:07.967,102900005115908,0.301,8.0,sale,No
2020-07-01,16:32:49.280,102900005115946,0.33,7.0,sale,No
2020-07-01,16:33:13.920,102900005115984,0.368,6.0,sale,No
2020-07-01,16:33:15.847,102900005119975,0.418,6.0,sale,No
2020-07-01,16:33:18.436,102900005125815,0.22,10.0,sale,No
2020-07-01,16:33:34.510,102900005115984,0.602,6.0,sale,No
2020-07-01,16:34:00.780,102900011008522,0.451,8.0,sale,No
2020-07-01,16:34:04.686,102900005115779,0.301,8.0,sale,No
2020-07-01,16:34:57.317,102900005119975,0.502,6.0,sale,No
2020-07-01,16:34:57.396,102900005117056,0.435,7.6,sale,No
2020-07-01,16:35:27.515,102900005115984,0.418,6.0,sale,No
2020-07-01,16:35:27.596,102900005125815,0.291,10.0,sale,No
2020-07-01,16:36:03.792,102900005118817,0.3,14.0,sale,No
2020-07-01,16:36:04.193,102900005125815,0.311,10.0,sale,No
2020-07-01,16:37:18.170,102900005116547,0.418,6.0,sale,No
2020-07-01,16:38:29.108,102900005116257,0.385,6.0,sale,No
2020-07-01,16:38:49.120,102900005116714,1.03,14.0,sale,No
2020-07-01,16:39:50.576,102900005125815,0.2,10.0,sale,No
2020-07-01,16:41:12.686,102900011008522,0.739,8.0,sale,No
2020-07-01,16:42:47.905,102900011009970,0.323,9.0,sale,No
2020-07-01,16:43:00.415,102900005115908,0.677,8.0,sale,No
2020-07-01,16:43:00.738,102900005118824,0.17,10.0,sale,No
2020-07-01,16:43:15.717,102900005116530,0.217,18.0,sale,No
2020-07-01,16:43:18.701,102900011008522,0.777,8.0,sale,No
2020-07-01,16:43:19.490,102900005119975,0.251,6.0,sale,No
2020-07-01,16:43:19.985,102900005116226,0.313,8.0,sale,No
2020-07-01,16:43:20.190,102900005115946,0.287,7.0,sale,No
2020-07-01,16:43:22.233,102900005115984,0.468,6.0,sale,No
2020-07-01,16:43:45.692,102900005115823,0.451,10.0,sale,No
2020-07-01,16:43:46.221,102900011009970,0.512,9.0,sale,No
2020-07-01,16:43:46.541,102900005125808,0.132,25.8,sale,No
2020-07-01,16:49:48.951,102900005119975,0.234,6.0,sale,No
2020-07-01,16:49:54.795,102900005116257,0.418,6.0,sale,No
2020-07-01,16:49:57.748,102900005117056,0.409,7.6,sale,No
2020-07-01,16:51:46.794,102900005116233,0.241,10.0,sale,No
2020-07-01,16:51:46.881,102900005119944,0.401,16.0,sale,No
2020-07-01,16:51:47.951,102900005119975,0.251,6.0,sale,No
2020-07-01,16:53:01.701,102900005125808,0.078,25.8,sale,No
2020-07-01,16:53:18.670,102900005115779,0.401,8.0,sale,No
2020-07-01,16:53:43.701,102900005125808,0.058,25.8,sale,No
2020-07-01,16:53:55.100,102900005115779,0.326,8.0,sale,No
2020-07-01,16:56:13.023,102900005119975,0.628,4.0,sale,Yes
2020-07-01,16:56:54.139,102900005116233,0.14,10.0,sale,No
2020-07-01,16:59:55.042,102900005117056,0.224,7.6,sale,No
2020-07-01,16:59:55.121,102900005116714,0.329,14.0,sale,No
2020-07-01,16:59:55.441,102900005115779,0.175,8.0,sale,No
2020-07-01,17:00:12.498,102900005116714,0.351,14.0,sale,No
2020-07-01,17:03:15.383,102900005117056,0.528,7.6,sale,No
2020-07-01,17:07:33.773,102900005116912,0.122,14.0,sale,No
2020-07-01,17:07:58.509,102900005116714,0.379,14.0,sale,No
2020-07-01,17:09:59.488,102900005116547,0.468,6.0,sale,No
2020-07-01,17:10:13.444,102900005115793,0.313,16.0,sale,No
2020-07-01,17:10:13.827,102900005116714,0.644,14.0,sale,No
2020-07-01,17:10:13.907,102900005115786,0.334,6.0,sale,No
2020-07-01,17:10:31.295,102900005115984,0.719,6.0,sale,No
2020-07-01,17:11:36.982,102900005115984,0.602,6.0,sale,No
2020-07-01,17:11:37.062,102900005115908,0.263,8.0,sale,No
2020-07-01,17:12:21.871,102900011009970,0.557,9.0,sale,No
2020-07-01,17:12:21.941,102900005117056,0.29,7.6,sale,No
2020-07-01,17:12:59.254,102900005118831,1.0,6.9,sale,No
2020-07-01,17:12:59.866,102900005117056,0.343,7.6,sale,No
2020-07-01,17:13:25.787,102900005115984,0.569,6.0,sale,No
2020-07-01,17:15:53.639,102900005115779,0.514,8.0,sale,No
2020-07-01,17:16:15.655,102900005119975,0.427,4.0,sale,Yes
2020-07-01,17:16:21.014,102900005125815,0.241,10.0,sale,No
2020-07-01,17:16:30.108,102900005117056,0.435,7.6,sale,No
2020-07-01,17:17:12.561,102900005118824,0.481,10.0,sale,No
2020-07-01,17:18:28.842,102900051004294,0.165,14.0,sale,No
2020-07-01,17:20:31.890,102900005116714,0.444,14.0,sale,No
2020-07-01,17:21:15.217,102900051000944,0.186,39.8,sale,No
2020-07-01,17:22:09.707,102900005115779,0.489,8.0,sale,No
2020-07-01,17:22:09.867,102900005115984,0.401,6.0,sale,No
2020-07-01,17:24:00.868,102900005117056,0.238,7.6,sale,No
2020-07-01,17:24:06.654,102900005116547,0.485,6.0,sale,No
2020-07-01,17:24:38.803,102900005116714,0.3,14.0,sale,No
2020-07-01,17:24:38.963,102900011009970,0.312,9.0,sale,No
2020-07-01,17:25:05.738,102900005116547,0.518,6.0,sale,No
2020-07-01,17:26:56.285,102900011008522,0.99,8.0,sale,No
2020-07-01,17:27:01.436,102900011008522,0.464,8.0,sale,No
2020-07-01,17:27:20.811,102900011001219,0.358,14.0,sale,No
2020-07-01,17:27:50.133,102900005115984,0.435,6.0,sale,No
2020-07-01,17:28:09.389,102900005119975,0.201,4.0,sale,Yes
2020-07-01,17:30:03.436,102900005115823,0.271,10.0,sale,No
2020-07-01,17:33:56.920,102900005115786,0.368,6.0,sale,No
2020-07-01,17:34:34.467,102900051010455,0.813,9.0,sale,No
2020-07-01,17:34:39.628,102900005117056,1.082,7.6,sale,No
2020-07-01,17:35:05.253,102900011006948,0.219,16.0,sale,No
2020-07-01,17:36:20.735,102900005116257,0.569,6.0,sale,No
2020-07-01,17:36:20.939,102900005116226,0.326,8.0,sale,No
2020-07-01,17:36:36.690,102900005115779,0.326,8.0,sale,No
2020-07-01,17:36:37.175,102900005116530,0.206,18.0,sale,No
2020-07-01,17:36:47.123,102900005115779,0.451,8.0,sale,No
2020-07-01,17:37:03.467,102900005115984,0.485,6.0,sale,No
2020-07-01,17:37:05.045,102900005117056,0.238,7.6,sale,No
2020-07-01,17:37:16.467,102900051004294,0.243,14.0,sale,No
2020-07-01,17:37:17.401,102900005117056,0.277,7.6,sale,No
2020-07-01,17:37:24.420,102900005125808,0.128,25.8,sale,No
2020-07-01,17:37:34.858,102900005116257,0.301,6.0,sale,No
2020-07-01,17:37:48.842,102900005115823,0.401,10.0,sale,No
2020-07-01,17:39:30.486,102900005116530,0.123,18.0,sale,No
2020-07-01,17:43:17.748,102900005116530,0.195,16.0,sale,Yes
2020-07-01,17:43:43.423,102900005115908,0.15,8.0,sale,No
2020-07-01,17:44:27.570,102900051004294,0.165,14.0,sale,No
2020-07-01,17:44:27.696,102900005116509,0.678,4.0,sale,No
2020-07-01,17:44:40.170,102900005119975,0.477,4.0,sale,Yes
2020-07-01,17:45:12.381,102900011009970,0.535,9.0,sale,No
2020-07-01,17:45:12.623,102900051004294,0.122,14.0,sale,No
2020-07-01,17:45:12.908,102900005119975,0.452,4.0,sale,Yes
2020-07-01,17:46:13.046,102900005116530,0.195,18.0,sale,No
2020-07-01,17:46:55.125,102900005115984,0.418,6.0,sale,No
2020-07-01,17:48:18.076,102900005116714,0.386,14.0,sale,No
2020-07-01,17:48:20.295,102900011008522,0.288,8.0,sale,No
2020-07-01,17:48:38.755,102900005116714,0.458,14.0,sale,No
2020-07-01,17:48:38.838,102900005125808,0.07,25.8,sale,No
2020-07-01,17:48:39.416,102900005117056,0.264,7.6,sale,No
2020-07-01,17:49:22.155,102900005118817,0.551,14.0,sale,No
2020-07-01,17:49:51.093,102900005119975,0.276,4.0,sale,Yes
2020-07-01,17:51:43.451,102900005118817,0.272,14.0,sale,No
2020-07-01,17:52:11.145,102900011008522,0.288,8.0,sale,No
2020-07-01,17:53:32.170,102900005116257,0.368,6.0,sale,No
2020-07-01,17:53:39.936,102900005117056,0.449,7.6,sale,No
2020-07-01,17:53:52.436,102900005125808,0.116,25.8,sale,No
2020-07-01,17:54:14.221,102900005115779,0.664,8.0,sale,No
2020-07-01,17:54:25.942,102900005115984,0.251,6.0,sale,No
2020-07-01,17:54:34.889,102900005116530,0.329,18.0,sale,No
2020-07-01,17:54:56.979,102900005115779,0.476,8.0,sale,No
2020-07-01,17:55:55.741,102900005115779,0.451,8.0,sale,No
2020-07-01,17:55:55.824,102900005116530,0.15,18.0,sale,No
2020-07-01,17:57:18.052,102900005125808,0.043,25.8,sale,No
2020-07-01,17:57:18.817,102900051004294,0.05,14.0,sale,No
2020-07-01,17:58:17.655,102900005125808,0.085,25.8,sale,No
2020-07-01,17:58:17.842,102900005117056,0.303,7.6,sale,No
2020-07-01,17:58:30.358,102900011008522,0.451,8.0,sale,No
2020-07-01,17:58:56.727,102900005117056,0.119,7.6,sale,No
2020-07-01,17:58:56.887,102900011009970,0.78,9.0,sale,No
2020-07-01,18:00:21.251,102900005116714,0.336,14.0,sale,No
2020-07-01,18:01:24.098,102900005115823,0.631,10.0,sale,No
2020-07-01,18:01:24.177,102900005115984,0.652,6.0,sale,No
2020-07-01,18:01:26.826,102900005115779,0.288,8.0,sale,No
2020-07-01,18:02:19.061,102900011006948,0.269,16.0,sale,No
2020-07-01,18:03:14.929,102900005115779,0.15,8.0,sale,No
2020-07-01,18:03:28.434,102900005116509,0.628,4.0,sale,No
2020-07-01,18:04:25.459,102900005116257,0.368,6.0,sale,No
2020-07-01,18:04:37.921,102900005116530,0.039,18.0,sale,No
2020-07-01,18:05:52.358,102900005118824,0.21,10.0,sale,No
2020-07-01,18:05:55.608,102900005116233,0.06,10.0,sale,No
2020-07-01,18:05:57.169,102900005115984,0.368,6.0,sale,No
2020-07-01,18:06:28.118,102900005115946,0.33,7.0,sale,No
2020-07-01,18:07:06.685,102900005115946,0.315,7.0,sale,No
2020-07-01,18:07:06.850,102900005119944,0.144,16.0,sale,No
2020-07-01,18:07:06.935,102900005115779,0.163,8.0,sale,No
2020-07-01,18:07:27.513,102900005115779,0.313,8.0,sale,No
2020-07-01,18:07:27.909,102900005125815,0.2,10.0,sale,No
2020-07-01,18:07:27.988,102900005125808,0.093,25.8,sale,No
2020-07-01,18:07:37.671,102900005116912,0.093,14.0,sale,No
2020-07-01,18:07:37.904,102900005115779,0.376,8.0,sale,No
2020-07-01,18:08:31.373,102900005119975,0.201,4.0,sale,Yes
2020-07-01,18:09:05.465,102900005116790,0.589,8.0,sale,No
2020-07-01,18:09:29.498,102900005117056,0.33,7.6,sale,No
2020-07-01,18:09:46.780,102900005125808,0.058,25.8,sale,No
2020-07-01,18:10:04.983,102900051004294,0.165,14.0,sale,No
2020-07-01,18:11:20.748,102900005117056,0.343,7.6,sale,No
2020-07-01,18:11:49.364,102900005115779,0.238,8.0,sale,No
2020-07-01,18:11:58.378,102900005119975,0.226,4.0,sale,Yes
2020-07-01,18:11:58.619,102900005115779,0.301,8.0,sale,No
2020-07-01,18:11:58.862,102900005116714,0.379,14.0,sale,No
2020-07-01,18:13:05.326,102900005119975,0.276,4.0,sale,Yes
2020-07-01,18:13:38.780,102900011008522,0.915,8.0,sale,No
2020-07-01,18:13:38.945,102900005116530,0.345,18.0,sale,No
2020-07-01,18:14:01.493,102900005117056,0.224,7.6,sale,No
2020-07-01,18:14:01.574,102900005125815,0.271,10.0,sale,No
2020-07-01,18:14:21.561,102900005115779,0.15,8.0,sale,No
2020-07-01,18:15:01.989,102900005116547,0.301,6.0,sale,No
2020-07-01,18:15:07.302,102900005119975,0.477,4.0,sale,Yes
2020-07-01,18:15:09.170,102900005115779,0.213,8.0,sale,No
2020-07-01,18:15:31.289,102900005116714,0.401,14.0,sale,No
2020-07-01,18:17:04.405,102900005116714,0.415,14.0,sale,No
2020-07-01,18:17:15.677,102900051004294,0.379,14.0,sale,No
2020-07-01,18:17:15.697,102900005115946,0.315,7.0,sale,No
2020-07-01,18:17:15.808,102900005116509,0.754,4.0,sale,No
2020-07-01,18:18:45.372,102900011008522,1.554,8.0,sale,No
2020-07-01,18:19:44.993,102900005125815,0.271,10.0,sale,No
2020-07-01,18:19:56.608,102900005115984,0.351,6.0,sale,No
2020-07-01,18:20:26.588,102900005116943,0.117,18.0,sale,No
2020-07-01,18:20:42.279,102900005116257,1.02,6.0,sale,No
2020-07-01,18:20:42.359,102900005115908,0.576,8.0,sale,No
2020-07-01,18:20:42.523,102900005115779,0.301,8.0,sale,No
2020-07-01,18:20:42.928,102900005117056,0.303,7.6,sale,No
2020-07-01,18:21:15.892,102900005115786,0.819,6.0,sale,No
2020-07-01,18:22:24.547,102900005116912,0.2,14.0,sale,No
2020-07-01,18:22:24.625,102900005115823,0.441,10.0,sale,No
2020-07-01,18:22:56.370,102900005116714,0.415,14.0,sale,No
2020-07-01,18:22:56.764,102900005116257,1.254,6.0,sale,No
2020-07-01,18:24:00.395,102900011006948,0.57,16.0,sale,No
2020-07-01,18:24:00.555,102900005115779,0.614,8.0,sale,No
2020-07-01,18:24:22.931,102900005125815,0.461,10.0,sale,No
2020-07-01,18:24:35.217,102900005125815,0.271,10.0,sale,No
2020-07-01,18:25:27.082,102900005119975,0.226,4.0,sale,Yes
2020-07-01,18:27:10.748,102900005115779,0.313,8.0,sale,No
2020-07-01,18:27:22.239,102900005118824,0.19,10.0,sale,No
2020-07-01,18:28:31.186,102900005125808,0.093,25.8,sale,No
2020-07-01,18:28:40.530,102900005115779,0.125,8.0,sale,No
2020-07-01,18:29:20.274,102900011008522,0.326,8.0,sale,No
2020-07-01,18:29:20.355,102900005115779,0.138,8.0,sale,No
2020-07-01,18:29:40.373,102900005116226,0.313,8.0,sale,No
2020-07-01,18:29:43.131,102900005125808,0.105,25.8,sale,No
2020-07-01,18:30:46.389,102900005115984,0.518,6.0,sale,No
2020-07-01,18:32:40.679,102900011009970,0.579,9.0,sale,No
2020-07-01,18:32:40.762,102900005115779,0.439,8.0,sale,No
2020-07-01,18:32:51.393,102900005115908,0.263,8.0,sale,No
2020-07-01,18:33:10.827,102900005115984,0.452,6.0,sale,No
2020-07-01,18:33:31.516,102900005117056,0.343,7.6,sale,No
2020-07-01,18:33:31.775,102900005116943,0.156,18.0,sale,No
2020-07-01,18:35:18.920,102900005115779,0.714,8.0,sale,No
2020-07-01,18:35:29.447,102900005116714,0.386,14.0,sale,No
2020-07-01,18:35:29.577,102900005116257,0.251,6.0,sale,No
2020-07-01,18:35:29.657,102900005115908,0.263,8.0,sale,No
2020-07-01,18:36:43.716,102900005115823,0.411,10.0,sale,No
2020-07-01,18:36:43.985,102900005116530,0.084,18.0,sale,No
2020-07-01,18:36:44.055,102900005117056,0.158,7.6,sale,No
2020-07-01,18:36:44.257,102900005117056,0.172,7.6,sale,No
2020-07-01,18:36:44.259,102900051004294,0.422,14.0,sale,No
2020-07-01,18:36:53.842,102900051010455,0.356,9.0,sale,No
2020-07-01,18:37:08.936,102900005125815,0.241,10.0,sale,No
2020-07-01,18:37:17.290,102900005115779,0.188,8.0,sale,No
2020-07-01,18:37:59.819,102900005116547,0.251,6.0,sale,No
2020-07-01,18:38:33.399,102900005115786,0.334,6.0,sale,No
2020-07-01,18:39:48.967,102900005119975,0.251,4.0,sale,Yes
2020-07-01,18:40:02.383,102900005117056,0.369,7.6,sale,No
2020-07-01,18:40:02.803,102900005115908,0.602,8.0,sale,No
2020-07-01,18:41:26.085,102900005117056,0.33,7.6,sale,No
2020-07-01,18:42:04.299,102900005119975,0.477,4.0,sale,Yes
2020-07-01,18:42:25.026,102900005115779,0.213,8.0,sale,No
2020-07-01,18:42:32.639,102900005116714,0.365,14.0,sale,No
2020-07-01,18:42:35.150,102900005116257,0.435,6.0,sale,No
2020-07-01,18:42:35.231,102900005118817,0.265,14.0,sale,No
2020-07-01,18:42:44.639,102900005116547,0.201,6.0,sale,No
2020-07-01,18:44:34.959,102900005125808,0.054,25.8,sale,No
2020-07-01,18:44:54.280,102900011008522,0.514,8.0,sale,No
2020-07-01,18:44:57.467,102900005115984,0.334,6.0,sale,No
2020-07-01,18:45:18.811,102900005116912,0.186,14.0,sale,No
2020-07-01,18:45:22.541,102900005115779,0.489,8.0,sale,No
2020-07-01,18:45:22.620,102900005117056,0.554,7.6,sale,No
2020-07-01,18:45:22.858,102900005115908,0.551,8.0,sale,No
2020-07-01,18:45:24.123,102900005115786,0.401,6.0,sale,No
2020-07-01,18:48:08.995,102900005115779,0.514,8.0,sale,No
2020-07-01,18:48:52.546,102900051010455,0.223,9.0,sale,No
2020-07-01,18:48:53.020,102900011008522,0.351,8.0,sale,No
2020-07-01,18:49:31.851,102900005116530,0.178,18.0,sale,No
2020-07-01,18:49:31.933,102900051004294,0.086,14.0,sale,No
2020-07-01,18:49:32.098,102900005115786,0.318,6.0,sale,No
2020-07-01,18:49:32.340,102900005117056,0.343,7.6,sale,No
2020-07-01,18:49:32.936,102900005115786,0.351,6.0,sale,No
2020-07-01,18:49:39.655,102900005125815,0.501,10.0,sale,No
2020-07-01,18:50:42.242,102900005115984,0.468,6.0,sale,No
2020-07-01,18:51:10.620,102900005115793,0.344,16.0,sale,No
2020-07-01,18:51:10.701,102900011008522,0.414,8.0,sale,No
2020-07-01,18:51:24.417,102900005117056,0.198,7.6,sale,No
2020-07-01,18:51:24.496,102900005115779,0.213,8.0,sale,No
2020-07-01,18:51:41.561,102900005117056,0.475,7.6,sale,No
2020-07-01,18:52:29.598,102900005125815,0.251,10.0,sale,No
2020-07-01,18:53:10.836,102900005115984,0.334,6.0,sale,No
2020-07-01,18:53:15.089,102900005117056,0.33,7.6,sale,No
2020-07-01,18:53:17.842,102900005119975,0.553,4.0,sale,Yes
2020-07-01,18:53:42.741,102900005116233,0.05,10.0,sale,No
2020-07-01,18:54:49.585,102900005116547,0.234,6.0,sale,No
2020-07-01,18:54:49.663,102900005116790,0.689,8.0,sale,No
2020-07-01,18:55:00.623,102900005115779,0.476,8.0,sale,No
2020-07-01,18:55:56.361,102900005119975,0.251,4.0,sale,Yes
2020-07-01,18:55:56.511,102900005118817,0.565,14.0,sale,No
2020-07-01,18:55:57.058,102900005117056,0.356,7.6,sale,No
2020-07-01,18:58:49.476,102900005116257,0.585,6.0,sale,No
2020-07-01,18:59:21.042,102900005123880,0.192,12.0,sale,No
2020-07-01,18:59:34.326,102900005116547,0.468,6.0,sale,No
2020-07-01,19:00:00.826,102900005116943,0.045,18.0,sale,No
2020-07-01,19:00:01.135,102900005116257,0.452,6.0,sale,No
2020-07-01,19:00:01.215,102900005116233,0.09,10.0,sale,No
2020-07-01,19:00:01.460,102900005125808,0.019,25.8,sale,No
2020-07-01,19:00:07.358,102900051004294,0.057,14.0,sale,No
2020-07-01,19:00:20.233,102900005117056,0.475,7.6,sale,No
2020-07-01,19:00:29.808,102900005116790,0.589,8.0,sale,No
2020-07-01,19:00:30.478,102900005116530,0.117,18.0,sale,No
2020-07-01,19:01:20.498,102900005116530,0.106,18.0,sale,No
2020-07-01,19:01:24.108,102900005117056,0.409,7.6,sale,No
2020-07-01,19:01:31.327,102900005115779,0.138,8.0,sale,No
2020-07-01,19:01:41.998,102900005116509,0.603,4.0,sale,No
2020-07-01,19:03:27.451,102900005117056,0.475,7.6,sale,No
2020-07-01,19:03:51.623,102900005116714,1.166,14.0,sale,No
2020-07-01,19:03:55.467,102900005115823,0.271,10.0,sale,No
2020-07-01,19:04:24.623,102900005118817,0.315,14.0,sale,No
2020-07-01,19:05:19.718,102900005116790,0.79,8.0,sale,No
2020-07-01,19:05:43.389,102900005119975,0.402,4.0,sale,Yes
2020-07-01,19:05:50.498,102900005125808,0.151,25.8,sale,No
2020-07-01,19:06:20.655,102900005116547,0.452,6.0,sale,No
2020-07-01,19:06:40.884,102900005116714,0.358,14.0,sale,No
2020-07-01,19:07:18.959,102900005116714,0.272,14.0,sale,No
2020-07-01,19:07:19.040,102900005115779,0.188,8.0,sale,No
2020-07-01,19:07:57.180,102900005115908,0.677,8.0,sale,No
2020-07-01,19:10:18.921,102900005119975,0.754,4.0,sale,Yes
2020-07-01,19:10:19.082,102900005117056,0.092,7.6,sale,No
2020-07-01,19:10:19.162,102900005125815,0.271,10.0,sale,No
2020-07-01,19:10:48.412,102900005116509,0.905,4.0,sale,No
2020-07-01,19:12:38.094,102900005115908,0.539,8.0,sale,No
2020-07-01,19:13:16.670,102900005116509,1.432,4.0,sale,No
2020-07-01,19:13:54.254,102900005115946,0.315,7.0,sale,No
2020-07-01,19:15:24.283,102900011006948,0.182,16.0,sale,No
2020-07-01,19:15:24.765,102900005116530,0.178,18.0,sale,No
2020-07-01,19:15:24.836,102900005125808,0.07,25.8,sale,No
2020-07-01,19:15:28.842,102900011009970,0.523,9.0,sale,No
2020-07-01,19:15:33.592,102900011009970,0.702,9.0,sale,No
2020-07-01,19:15:38.326,102900005116509,0.98,4.0,sale,No
2020-07-01,19:17:08.967,102900005117056,0.356,7.6,sale,No
2020-07-01,19:17:09.436,102900005117056,0.33,7.6,sale,No
2020-07-01,19:18:50.595,102900005119975,0.302,4.0,sale,Yes
2020-07-01,19:19:41.061,102900005117056,0.356,7.6,sale,No
2020-07-01,19:20:00.607,102900005117056,0.356,7.6,sale,No
2020-07-01,19:20:00.961,102900005115779,0.564,8.0,sale,No
2020-07-01,19:20:22.670,102900005125808,0.116,25.8,sale,No
2020-07-01,19:20:25.670,102900005115793,0.444,16.0,sale,No
2020-07-01,19:20:41.967,102900051004294,0.329,14.0,sale,No
2020-07-01,19:21:21.389,102900005118831,1.0,6.9,sale,No
2020-07-01,19:21:34.920,102900005125815,0.371,10.0,sale,No
2020-07-01,19:21:57.248,102900005117056,0.475,7.6,sale,No
2020-07-01,19:22:28.407,102900005116912,0.279,14.0,sale,No
2020-07-01,19:22:28.566,102900005115779,0.564,8.0,sale,No
2020-07-01,19:22:28.645,102900005117056,0.567,7.6,sale,No
2020-07-01,19:22:47.176,102900005117056,0.369,7.6,sale,No
2020-07-01,19:23:18.007,102900005115779,0.351,8.0,sale,No
2020-07-01,19:24:13.420,102900005125808,0.039,25.8,sale,No
2020-07-01,19:24:13.783,102900005115908,0.326,8.0,sale,No
2020-07-01,19:25:02.826,102900005116790,0.739,8.0,sale,No
2020-07-01,19:25:44.139,102900005119975,0.402,4.0,sale,Yes
2020-07-01,19:25:50.284,102900005116530,0.245,18.0,sale,No
2020-07-01,19:26:50.118,102900005115779,0.564,8.0,sale,No
2020-07-01,19:30:48.462,102900005119975,0.528,4.0,sale,Yes
2020-07-01,19:33:31.045,102900005119975,0.427,4.0,sale,Yes
2020-07-01,19:33:43.984,102900005119975,0.427,4.0,sale,Yes
2020-07-01,19:33:45.639,102900005116714,0.429,14.0,sale,No
2020-07-01,19:34:54.819,102900005119975,0.503,4.0,sale,Yes
2020-07-01,19:35:16.063,102900011008522,0.526,8.0,sale,No
2020-07-01,19:36:07.373,102900005116790,0.752,8.0,sale,No
2020-07-01,19:36:20.670,102900005115779,0.313,8.0,sale,No
2020-07-01,19:36:24.144,102900005117056,0.383,7.6,sale,No
2020-07-01,19:36:24.302,102900005115779,0.476,8.0,sale,No
2020-07-01,19:36:35.686,102900005116509,0.704,4.0,sale,No
2020-07-01,19:36:43.092,102900005117056,0.462,7.6,sale,No
2020-07-01,19:37:06.628,102900005115984,0.385,6.0,sale,No
2020-07-01,19:37:52.637,102900005117056,0.726,7.6,sale,No
2020-07-01,19:37:53.075,102900005115908,0.501,8.0,sale,No
2020-07-01,19:37:57.670,102900005125815,0.291,10.0,sale,No
2020-07-01,19:38:17.389,102900005115779,0.363,8.0,sale,No
2020-07-01,19:39:03.342,102900011008522,0.426,8.0,sale,No
2020-07-01,19:39:05.198,102900005119975,0.276,4.0,sale,Yes
2020-07-01,19:39:05.338,102900005117056,0.383,7.6,sale,No
2020-07-01,19:39:05.476,102900005116257,0.301,6.0,sale,No
2020-07-01,19:39:26.460,102900005118824,0.271,10.0,sale,No
2020-07-01,19:40:24.905,102900005115779,0.276,8.0,sale,No
2020-07-01,19:41:25.201,102900005119975,0.377,4.0,sale,Yes
2020-07-01,19:41:33.514,102900005115823,0.581,10.0,sale,No
2020-07-01,19:41:40.616,102900005115779,0.163,8.0,sale,No
2020-07-01,19:41:41.073,102900005116547,0.268,6.0,sale,No
2020-07-01,19:41:56.842,102900011006948,0.194,16.0,sale,No
2020-07-01,19:43:29.685,102900005116530,0.295,18.0,sale,No
2020-07-01,19:44:45.432,102900005115984,0.385,6.0,sale,No
2020-07-01,19:44:45.718,102900005117056,0.317,7.6,sale,No
2020-07-01,19:49:19.241,102900005116530,0.139,18.0,sale,No
2020-07-01,19:49:51.826,102900005115779,0.263,8.0,sale,No
2020-07-01,19:50:13.833,102900005116714,0.351,14.0,sale,No
2020-07-01,19:52:37.178,102900005119975,0.452,4.0,sale,Yes
2020-07-01,19:54:37.237,102900005116714,0.451,14.0,sale,No
2020-07-01,19:55:02.319,102900005115984,0.686,6.0,sale,No
2020-07-01,19:55:30.623,102900005125815,0.22,10.0,sale,No
2020-07-01,19:55:58.106,102900005119975,0.854,4.0,sale,Yes
2020-07-01,19:58:59.897,102900005119975,0.854,4.0,sale,Yes
2020-07-01,19:59:00.135,102900005125815,0.461,10.0,sale,No
2020-07-01,20:00:07.180,102900005119975,0.251,4.0,sale,Yes
2020-07-01,20:03:39.718,102900005125808,0.081,25.8,sale,No
2020-07-01,20:03:39.869,102900005116226,0.188,8.0,sale,No
2020-07-01,20:03:40.096,102900005117209,0.507,16.0,sale,No
2020-07-01,20:04:52.183,102900005116943,0.111,18.0,sale,No
2020-07-01,20:04:58.775,102900005116714,0.465,14.0,sale,No
2020-07-01,20:05:30.695,102900005125808,0.198,25.8,sale,No
2020-07-01,20:06:15.686,102900005117056,0.633,7.6,sale,No
2020-07-01,20:06:31.306,102900005116714,0.429,14.0,sale,No
2020-07-01,20:06:45.377,102900005115779,0.702,8.0,sale,No
2020-07-01,20:08:23.170,102900005125808,0.05,25.8,sale,No
2020-07-01,20:08:25.869,102900005118817,0.243,14.0,sale,No
2020-07-01,20:09:09.873,102900005116257,0.736,6.0,sale,No
2020-07-01,20:09:18.248,102900005115779,0.175,8.0,sale,No
2020-07-01,20:11:08.677,102900005116257,0.636,6.0,sale,No
2020-07-01,20:12:53.911,102900005116233,0.15,10.0,sale,No
2020-07-01,20:16:17.412,102900005116509,0.804,4.0,sale,No
2020-07-01,20:16:17.492,102900005116257,0.502,6.0,sale,No
2020-07-01,20:16:24.371,102900005116226,0.351,8.0,sale,No
2020-07-01,20:16:50.155,102900005116509,0.829,4.0,sale,No
2020-07-01,20:17:48.608,102900005116226,0.451,8.0,sale,No
2020-07-01,20:18:28.049,102900005116714,0.908,14.0,sale,No
2020-07-01,20:20:01.233,102900005119975,0.226,4.0,sale,Yes
2020-07-01,20:21:13.228,102900005115779,0.439,8.0,sale,No
2020-07-01,20:21:53.975,102900005119975,0.251,4.0,sale,Yes
2020-07-01,20:23:11.983,102900005115779,0.451,8.0,sale,No
2020-07-01,20:23:12.781,102900005125808,0.159,25.8,sale,No
2020-07-01,20:25:46.502,102900005116233,0.2,10.0,sale,No
2020-07-01,20:26:50.302,102900005117056,0.435,7.6,sale,No
2020-07-01,20:27:24.000,102900005116509,0.427,4.0,sale,No
2020-07-01,20:28:19.191,102900005117056,0.884,7.6,sale,No
2020-07-01,20:28:19.673,102900005116257,0.736,6.0,sale,No
2020-07-01,20:28:59.743,102900051004294,0.279,14.0,sale,No
2020-07-01,20:28:59.898,102900005117056,0.528,7.6,sale,No
2020-07-01,20:28:59.980,102900005116714,0.529,14.0,sale,No
2020-07-01,20:29:25.696,102900005117056,0.29,7.6,sale,No
2020-07-01,20:30:27.826,102900011008522,0.363,8.0,sale,No
2020-07-01,20:31:01.920,102900005116714,0.465,14.0,sale,No
2020-07-01,20:31:09.230,102900005116912,0.258,14.0,sale,No
2020-07-01,20:31:09.710,102900005125808,0.19,25.8,sale,No
2020-07-01,20:31:16.733,102900005116530,0.145,18.0,sale,No
2020-07-01,20:32:34.359,102900005118831,1.0,6.9,sale,No
2020-07-01,20:32:34.518,102900005116257,0.301,6.0,sale,No
2020-07-01,20:33:56.113,102900005116547,0.485,6.0,sale,No
2020-07-01,20:34:36.092,102900005116714,0.336,14.0,sale,No
2020-07-01,20:34:49.764,102900005125808,0.035,25.8,sale,No
2020-07-01,20:35:20.592,102900051004294,0.093,14.0,sale,No
2020-07-01,20:35:40.790,102900051004294,0.143,14.0,sale,No
2020-07-01,20:35:40.949,102900005125808,0.143,25.8,sale,No
2020-07-01,20:39:59.108,102900005116714,0.537,14.0,sale,No
2020-07-01,20:40:42.010,102900005118831,1.0,6.9,sale,No
2020-07-01,20:40:42.155,102900005116257,0.318,6.0,sale,No
2020-07-01,20:41:25.383,102900005125815,0.12,10.0,sale,No
2020-07-01,20:42:36.108,102900051004294,0.365,14.0,sale,No
2020-07-01,20:42:39.655,102900005116257,0.602,6.0,sale,No
2020-07-01,20:42:51.203,102900005117056,0.488,7.6,sale,No
2020-07-01,20:43:01.655,102900005125815,0.431,10.0,sale,No
2020-07-01,20:43:59.084,102900005116714,0.472,14.0,sale,No
2020-07-01,20:45:13.362,102900005116714,0.465,14.0,sale,No
2020-07-01,20:46:30.717,102900005116714,0.401,14.0,sale,No
2020-07-01,20:47:01.014,102900005116509,0.477,4.0,sale,No
2020-07-01,20:48:03.748,102900005116257,0.886,6.0,sale,No
2020-07-01,20:48:34.764,102900051004294,0.236,14.0,sale,No
2020-07-01,20:49:12.920,102900005117056,0.501,7.6,sale,No
2020-07-01,20:52:52.342,102900005116509,0.678,4.0,sale,No
2020-07-01,20:54:09.551,102900005118831,1.0,6.9,sale,No
2020-07-01,20:54:10.546,102900005117056,0.369,7.6,sale,No
2020-07-01,20:54:35.127,102900005125815,0.2,10.0,sale,No
2020-07-01,20:54:35.317,102900005116714,0.472,14.0,sale,No
2020-07-01,20:58:10.421,102900005125808,0.027,25.8,sale,No
2020-07-01,21:00:16.030,102900005116530,0.134,18.0,sale,No
2020-07-01,21:00:19.748,102900005117056,0.607,7.6,sale,No
2020-07-01,21:05:54.826,102900005117056,0.475,7.6,sale,No
2020-07-01,21:07:19.889,102900005117056,0.343,7.6,sale,No
2020-07-01,21:08:26.256,102900005125808,0.101,25.8,sale,No
2020-07-01,21:10:34.520,102900005117056,0.303,7.6,sale,No
2020-07-01,21:10:39.713,102900005117056,0.383,7.6,sale,No
2020-07-01,21:11:34.886,102900005117056,0.317,7.6,sale,No
2020-07-01,21:11:41.936,102900005117056,0.607,7.6,sale,No
2020-07-01,21:11:44.203,102900005116790,0.689,8.0,sale,No
2020-07-01,21:15:22.454,102900005117056,0.422,7.6,sale,No
2020-07-01,21:18:19.599,102900005117056,0.409,7.6,sale,No
2020-07-01,21:19:10.826,102900005117056,0.264,7.6,sale,No
2020-07-01,21:23:24.264,102900005115960,0.66,3.2,sale,No
2020-07-01,21:32:19.632,102900005117056,0.356,7.6,sale,No
2020-07-01,21:40:27.170,102900005117056,0.778,7.6,sale,No
2020-07-01,21:45:47.498,102900005117056,0.251,7.6,sale,No
2020-07-01,21:56:27.233,102900005116509,0.402,4.0,sale,No
2020-07-02,09:16:50.811,102900011009970,0.434,9.0,sale,No
2020-07-02,09:16:53.061,102900011009970,0.379,9.0,sale,No
2020-07-02,09:19:33.358,102900005115786,0.418,6.0,sale,No
2020-07-02,09:21:01.436,102900005115960,0.535,0.7,sale,Yes
2020-07-02,09:21:08.330,102900005116509,0.276,4.0,sale,No
2020-07-02,09:21:40.071,102900005116226,0.1,8.0,sale,No
2020-07-02,09:22:13.596,102900011000328,0.381,10.0,sale,No
2020-07-02,09:22:13.760,102900005115908,0.276,8.0,sale,No
2020-07-02,09:22:40.986,102900005125808,0.07,25.8,sale,No
2020-07-02,09:22:45.358,102900005116530,0.167,19.8,sale,No
2020-07-02,09:22:54.322,102900005115779,0.288,8.0,sale,No
2020-07-02,09:22:54.392,102900005115984,0.334,6.0,sale,No
2020-07-02,09:22:54.462,102900005115908,0.664,8.0,sale,No
2020-07-02,09:22:54.599,102900005115762,0.535,6.0,sale,No
2020-07-02,09:23:15.792,102900005119975,0.401,6.0,sale,No
2020-07-02,09:23:17.405,102900005117056,0.528,7.6,sale,No
2020-07-02,09:23:28.701,102900011008522,0.464,8.0,sale,No
2020-07-02,09:23:35.045,102900005119975,0.234,6.0,sale,No
2020-07-02,09:23:41.832,102900051004294,0.165,14.0,sale,No
2020-07-02,09:25:55.657,102900005115793,0.463,16.0,sale,No
2020-07-02,09:26:58.658,102900005115786,0.418,6.0,sale,No
2020-07-02,09:27:32.248,102900005115960,0.472,3.2,sale,No
2020-07-02,09:27:42.532,102900005116912,0.265,14.0,sale,No
2020-07-02,09:27:42.613,102900005116233,0.1,10.0,sale,No
2020-07-02,09:27:42.693,102900011009970,0.312,9.0,sale,No
2020-07-02,09:28:08.686,102900005116226,0.439,8.0,sale,No
2020-07-02,09:28:44.686,102900011000328,0.13,10.0,sale,No
2020-07-02,09:28:51.451,102900005115984,0.485,6.0,sale,No
2020-07-02,09:29:24.623,102900011008522,0.451,8.0,sale,No
2020-07-02,09:29:33.983,102900005116226,0.226,8.0,sale,No
2020-07-02,09:29:50.108,102900005115984,0.301,6.0,sale,No
2020-07-02,09:31:08.514,102900011008522,0.539,8.0,sale,No
2020-07-02,09:31:54.608,102900005116509,0.377,4.0,sale,No
2020-07-02,09:32:10.498,102900005115786,0.903,6.0,sale,No
2020-07-02,09:33:43.092,102900005116509,1.382,4.0,sale,No
2020-07-02,09:33:52.670,102900005116530,0.722,19.8,sale,No
2020-07-02,09:34:03.201,102900005117056,0.29,7.6,sale,No
2020-07-02,09:34:13.608,102900005117056,0.858,7.6,sale,No
2020-07-02,09:35:14.733,102900005115984,0.251,6.0,sale,No
2020-07-02,09:35:41.608,102900005125808,0.07,25.8,sale,No
2020-07-02,09:36:16.686,102900005115779,0.376,8.0,sale,No
2020-07-02,09:36:19.844,102900005115984,0.401,6.0,sale,No
2020-07-02,09:36:32.932,102900005115908,0.401,8.0,sale,No
2020-07-02,09:36:33.011,102900005115779,0.313,8.0,sale,No
2020-07-02,09:36:33.332,102900005115823,0.401,10.0,sale,No
2020-07-02,09:36:33.411,102900011000328,0.351,10.0,sale,No
2020-07-02,09:36:34.951,102900005115779,0.188,8.0,sale,No
2020-07-02,09:36:36.139,102900011000328,0.291,10.0,sale,No
2020-07-02,09:37:33.561,102900005115762,0.652,6.0,sale,No
2020-07-02,09:37:48.280,102900005117056,0.409,7.6,sale,No
2020-07-02,09:39:09.311,102900005116530,0.197,19.8,sale,No
2020-07-02,09:40:12.045,102900005115908,0.514,8.0,sale,No
2020-07-02,09:40:32.545,102900005116714,0.3,14.0,sale,No
2020-07-02,09:40:38.108,102900005116257,0.501,7.0,sale,No
2020-07-02,09:40:46.483,102900005119975,0.234,6.0,sale,No
2020-07-02,09:40:47.983,102900005116509,0.729,4.0,sale,No
2020-07-02,09:41:02.748,102900011009970,0.39,9.0,sale,No
2020-07-02,09:41:38.504,102900011000328,0.22,10.0,sale,No
2020-07-02,09:41:45.639,102900011008522,0.389,8.0,sale,No
2020-07-02,09:42:06.608,102900005115779,0.84,8.0,sale,No
2020-07-02,09:42:31.025,102900005115779,0.326,8.0,sale,No
2020-07-02,09:42:31.107,102900005115779,0.351,8.0,sale,No
2020-07-02,09:43:37.311,102900005115960,0.975,3.2,sale,No
2020-07-02,09:43:42.514,102900051004294,0.393,14.0,sale,No
2020-07-02,09:43:53.233,102900005115984,0.686,6.0,sale,No
2020-07-02,09:43:53.545,102900011009970,0.323,9.0,sale,No
2020-07-02,09:45:39.213,102900005115984,0.318,6.0,sale,No
2020-07-02,09:46:12.654,102900005116257,0.459,7.0,sale,No
2020-07-02,09:46:12.734,102900005117056,0.211,7.6,sale,No
2020-07-02,09:48:00.902,102900005118824,0.321,10.0,sale,No
2020-07-02,09:48:01.222,102900005117056,0.356,7.6,sale,No
2020-07-02,09:48:44.227,102900005116530,0.394,19.8,sale,No
2020-07-02,09:48:50.592,102900005115960,0.566,3.2,sale,No
2020-07-02,09:48:54.865,102900005115960,0.912,3.2,sale,No
2020-07-02,09:50:32.795,102900011008522,0.551,8.0,sale,No
2020-07-02,09:50:36.264,102900005115779,0.451,8.0,sale,No
2020-07-02,09:50:57.561,102900005116509,0.729,4.0,sale,No
2020-07-02,09:55:03.733,102900005119975,0.184,6.0,sale,No
2020-07-02,09:55:09.014,102900005115960,1.258,3.2,sale,No
2020-07-02,09:55:42.031,102900011000328,0.361,10.0,sale,No
2020-07-02,09:55:50.219,102900005119975,0.217,6.0,sale,No
2020-07-02,09:55:50.449,102900005115984,0.368,6.0,sale,No
2020-07-02,09:56:20.905,102900005115779,0.414,8.0,sale,No
2020-07-02,09:57:19.342,102900005115823,0.982,10.0,sale,No
2020-07-02,09:57:51.764,102900005115984,0.401,6.0,sale,No
2020-07-02,09:58:06.748,102900005115960,1.195,3.2,sale,No
2020-07-02,09:59:00.545,102900005117056,0.462,7.6,sale,No
2020-07-02,09:59:31.104,102900005116530,0.232,19.8,sale,No
2020-07-02,09:59:33.780,102900005116509,0.98,4.0,sale,No
2020-07-02,10:00:34.748,102900005116233,0.251,10.0,sale,No
2020-07-02,10:00:37.592,102900005116943,0.088,16.0,sale,No
2020-07-02,10:01:47.608,102900005116530,0.48,19.8,sale,No
2020-07-02,10:02:06.186,102900011009970,0.546,9.0,sale,No
2020-07-02,10:02:57.389,102900005116257,0.201,7.0,sale,No
2020-07-02,10:03:37.106,102900005119975,0.334,6.0,sale,No
2020-07-02,10:03:37.245,102900005116530,0.111,19.8,sale,No
2020-07-02,10:03:37.314,102900005125808,0.085,25.8,sale,No
2020-07-02,10:04:20.121,102900011008522,0.351,8.0,sale,No
2020-07-02,10:05:01.451,102900005118824,0.281,10.0,sale,No
2020-07-02,10:06:07.944,102900005115786,0.385,6.0,sale,No
2020-07-02,10:06:08.023,102900005115762,0.552,6.0,sale,No
2020-07-02,10:06:08.101,102900005115779,0.389,8.0,sale,No
2020-07-02,10:07:17.076,102900005119944,0.282,16.0,sale,No
2020-07-02,10:07:19.092,102900011008522,0.476,8.0,sale,No
2020-07-02,10:08:43.764,102900005116509,0.477,4.0,sale,No
2020-07-02,10:09:22.293,102900011009970,0.301,9.0,sale,No
2020-07-02,10:09:33.092,102900011008522,0.326,8.0,sale,No
2020-07-02,10:09:33.252,102900005115779,0.464,8.0,sale,No
2020-07-02,10:09:33.489,102900005118824,0.15,10.0,sale,No
2020-07-02,10:09:47.030,102900005116547,0.201,6.0,sale,No
2020-07-02,10:10:06.284,102900005125815,0.351,10.0,sale,No
2020-07-02,10:10:09.670,102900005115779,0.451,8.0,sale,No
2020-07-02,10:11:43.858,102900005116257,0.559,7.0,sale,No
2020-07-02,10:11:44.186,102900005125815,0.281,10.0,sale,No
2020-07-02,10:11:58.092,102900005115786,0.418,6.0,sale,No
2020-07-02,10:12:03.561,102900005119975,0.184,6.0,sale,No
2020-07-02,10:12:04.248,102900005115786,0.368,6.0,sale,No
2020-07-02,10:12:18.123,102900011000328,0.241,10.0,sale,No
2020-07-02,10:13:29.552,102900005117056,0.145,7.6,sale,No
2020-07-02,10:13:30.022,102900005116714,0.415,14.0,sale,No
2020-07-02,10:13:30.102,102900005116530,0.177,19.8,sale,No
2020-07-02,10:13:30.339,102900005116257,0.287,7.0,sale,No
2020-07-02,10:14:33.273,102900011000328,0.13,10.0,sale,No
2020-07-02,10:15:07.701,102900005116530,0.182,19.8,sale,No
2020-07-02,10:15:18.295,102900005115984,0.268,6.0,sale,No
2020-07-02,10:15:20.084,102900005116530,0.308,19.8,sale,No
2020-07-02,10:15:20.242,102900051004294,0.193,14.0,sale,No
2020-07-02,10:18:30.616,102900005117056,0.33,7.6,sale,No
2020-07-02,10:18:53.310,102900011009970,0.546,9.0,sale,No
2020-07-02,10:18:54.764,102900005117056,0.185,7.6,sale,No
2020-07-02,10:19:03.053,102900005116714,0.265,14.0,sale,No
2020-07-02,10:19:17.898,102900005117056,0.238,7.6,sale,No
2020-07-02,10:20:03.405,102900011009970,0.412,9.0,sale,No
2020-07-02,10:20:06.889,102900005115960,0.283,3.2,sale,No
2020-07-02,10:22:10.795,102900005119975,0.234,6.0,sale,No
2020-07-02,10:22:24.389,102900011000328,0.271,10.0,sale,No
2020-07-02,10:22:35.123,102900005115762,0.502,6.0,sale,No
2020-07-02,10:22:35.442,102900005117056,0.475,7.6,sale,No
2020-07-02,10:23:15.623,102900005116943,0.232,16.0,sale,No
2020-07-02,10:23:56.097,102900005115779,0.451,8.0,sale,No
2020-07-02,10:23:56.585,102900005115908,0.614,8.0,sale,No
2020-07-02,10:24:23.717,102900005117056,0.185,7.6,sale,No
2020-07-02,10:24:28.889,102900005116509,0.553,4.0,sale,No
2020-07-02,10:24:32.420,102900005115960,1.069,3.2,sale,No
2020-07-02,10:24:34.368,102900011006689,0.251,10.0,sale,No
2020-07-02,10:25:24.146,102900005115960,0.755,3.2,sale,No
2020-07-02,10:25:24.225,102900005116714,0.451,14.0,sale,No
2020-07-02,10:25:24.860,102900005115779,0.238,8.0,sale,No
2020-07-02,10:25:49.655,102900005116547,0.251,6.0,sale,No
2020-07-02,10:26:10.309,102900005116530,0.333,19.8,sale,No
2020-07-02,10:26:36.106,102900005125808,0.058,25.8,sale,No
2020-07-02,10:26:44.745,102900005116714,0.401,14.0,sale,No
2020-07-02,10:27:22.186,102900005115946,0.358,7.0,sale,No
2020-07-02,10:28:41.530,102900005116943,0.232,16.0,sale,No
2020-07-02,10:29:40.389,102900005119975,0.452,6.0,sale,No
2020-07-02,10:29:58.933,102900005116509,0.452,4.0,sale,No
2020-07-02,10:29:59.171,102900011006689,0.18,10.0,sale,No
2020-07-02,10:30:17.311,102900005116257,0.817,7.0,sale,No
2020-07-02,10:31:19.226,102900005117056,0.422,7.6,sale,No
2020-07-02,10:31:19.464,102900005115779,0.439,8.0,sale,No
2020-07-02,10:31:19.704,102900005119975,0.217,6.0,sale,No
2020-07-02,10:31:19.783,102900005116547,0.468,6.0,sale,No
2020-07-02,10:31:20.153,102900005116714,0.393,14.0,sale,No
2020-07-02,10:31:58.166,102900005117056,0.303,7.6,sale,No
2020-07-02,10:31:58.604,102900005115823,0.391,10.0,sale,No
2020-07-02,10:32:11.280,102900005115779,0.263,8.0,sale,No
2020-07-02,10:34:06.873,102900005125815,0.2,10.0,sale,No
2020-07-02,10:34:09.842,102900005115779,0.288,8.0,sale,No
2020-07-02,10:34:19.358,102900005115779,0.351,8.0,sale,No
2020-07-02,10:34:20.889,102900005116530,0.242,19.8,sale,No
2020-07-02,10:34:22.428,102900005125808,0.043,25.8,sale,No
2020-07-02,10:34:23.379,102900005115786,0.418,6.0,sale,No
2020-07-02,10:34:24.717,102900005116714,0.386,14.0,sale,No
2020-07-02,10:34:30.795,102900005115823,0.411,10.0,sale,No
2020-07-02,10:35:38.592,102900005115960,1.258,3.2,sale,No
2020-07-02,10:35:52.795,102900005115984,0.719,6.0,sale,No
2020-07-02,10:36:24.155,102900005119944,0.501,16.0,sale,No
2020-07-02,10:36:33.061,102900005115779,0.263,8.0,sale,No
2020-07-02,10:36:38.670,102900005116714,0.379,14.0,sale,No
2020-07-02,10:36:45.146,102900005115984,0.217,6.0,sale,No
2020-07-02,10:37:05.378,102900011008522,0.94,8.0,sale,No
2020-07-02,10:37:05.616,102900005116714,0.472,14.0,sale,No
2020-07-02,10:37:05.775,102900005115793,0.801,16.0,sale,No
2020-07-02,10:37:05.855,102900011000328,0.371,10.0,sale,No
2020-07-02,10:37:11.701,102900005115762,0.569,6.0,sale,No
2020-07-02,10:37:28.592,102900005119975,0.418,6.0,sale,No
2020-07-02,10:38:06.735,102900005118824,0.461,10.0,sale,No
2020-07-02,10:38:07.216,102900005115984,0.334,6.0,sale,No
2020-07-02,10:39:18.561,102900005115946,0.416,7.0,sale,No
2020-07-02,10:39:38.842,102900005115779,0.489,8.0,sale,No
2020-07-02,10:40:05.243,102900005116257,1.218,7.0,sale,No
2020-07-02,10:40:05.726,102900005116530,0.338,19.8,sale,No
2020-07-02,10:40:59.545,102900005115984,0.385,6.0,sale,No
2020-07-02,10:41:08.420,102900005125815,0.311,10.0,sale,No
2020-07-02,10:41:09.358,102900005116530,0.258,19.8,sale,No
2020-07-02,10:42:10.311,102900011000328,0.411,10.0,sale,No
2020-07-02,10:42:12.498,102900005115908,0.301,8.0,sale,No
2020-07-02,10:42:16.233,102900005116509,0.352,4.0,sale,No
2020-07-02,10:42:26.358,102900005119975,0.518,6.0,sale,No
2020-07-02,10:42:39.155,102900005116547,0.368,6.0,sale,No
2020-07-02,10:44:17.717,102900005116530,0.111,19.8,sale,No
2020-07-02,10:44:51.272,102900005115779,1.003,8.0,sale,No
2020-07-02,10:45:39.452,102900005116714,0.422,14.0,sale,No
2020-07-02,10:45:39.690,102900005125815,0.281,10.0,sale,No
2020-07-02,10:46:10.123,102900005125808,0.043,25.8,sale,No
2020-07-02,10:46:54.670,102900005115762,0.602,6.0,sale,No
2020-07-02,10:47:19.210,102900005116233,0.241,10.0,sale,No
2020-07-02,10:47:19.420,102900005119975,0.234,6.0,sale,No
2020-07-02,10:49:46.193,102900005115762,0.652,6.0,sale,No
2020-07-02,10:51:09.420,102900005115946,0.516,7.0,sale,No
2020-07-02,10:53:07.264,102900005116509,0.528,4.0,sale,No
2020-07-02,10:53:35.492,102900005116530,0.207,19.8,sale,No
2020-07-02,10:53:35.737,102900005116714,0.551,14.0,sale,No
2020-07-02,10:53:36.146,102900005115823,0.251,10.0,sale,No
2020-07-02,10:53:48.992,102900005115779,0.777,8.0,sale,No
2020-07-02,10:53:59.654,102900005116714,0.451,14.0,sale,No
2020-07-02,10:54:21.358,102900005117056,0.488,7.6,sale,No
2020-07-02,10:54:21.437,102900005115960,0.912,3.2,sale,No
2020-07-02,10:54:21.516,102900005119975,0.418,6.0,sale,No
2020-07-02,10:54:21.911,102900005116509,0.327,4.0,sale,No
2020-07-02,10:54:21.990,102900005116547,0.452,6.0,sale,No
2020-07-02,10:58:09.905,102900011009970,0.546,9.0,sale,No
2020-07-02,10:58:23.811,102900005125815,0.621,10.0,sale,No
2020-07-02,10:58:32.180,102900005115779,0.188,8.0,sale,No
2020-07-02,10:58:38.311,102900051010455,0.635,3.8,sale,Yes
2020-07-02,10:58:53.436,102900005115779,0.464,3.4,sale,Yes
2020-07-02,11:00:11.045,102900011000328,0.321,10.0,sale,No
2020-07-02,11:02:29.583,102900005119975,0.167,6.0,sale,No
2020-07-02,11:02:29.741,102900005115908,0.288,8.0,sale,No
2020-07-02,11:02:29.893,102900005117056,0.172,7.6,sale,No
2020-07-02,11:03:21.106,102900005116912,0.207,14.0,sale,No
2020-07-02,11:03:21.184,102900005115984,0.368,6.0,sale,No
2020-07-02,11:03:36.561,102900011008522,0.414,8.0,sale,No
2020-07-02,11:03:42.170,102900011009970,0.401,9.0,sale,No
2020-07-02,11:03:47.423,102900005125808,0.066,25.8,sale,No
2020-07-02,11:05:07.643,102900011008522,0.702,8.0,sale,No
2020-07-02,11:05:35.784,102900005116509,0.302,4.0,sale,No
2020-07-02,11:05:35.948,102900005119975,0.251,6.0,sale,No
2020-07-02,11:05:36.109,102900005117056,0.172,7.6,sale,No
2020-07-02,11:05:46.233,102900005116226,0.088,8.0,sale,No
2020-07-02,11:05:48.108,102900051004294,0.114,14.0,sale,No
2020-07-02,11:06:29.674,102900005115779,0.326,8.0,sale,No
2020-07-02,11:06:55.192,102900005119975,0.368,6.0,sale,No
2020-07-02,11:06:55.353,102900005116912,0.129,14.0,sale,No
2020-07-02,11:07:18.037,102900011008522,1.203,8.0,sale,No
2020-07-02,11:08:39.514,102900005117056,0.475,7.6,sale,No
2020-07-02,11:08:55.746,102900005119975,0.418,6.0,sale,No
2020-07-02,11:10:27.795,102900005115786,0.435,6.0,sale,No
2020-07-02,11:10:35.889,102900005117056,0.501,7.6,sale,No
2020-07-02,11:10:47.287,102900005117056,0.422,7.6,sale,No
2020-07-02,11:10:56.764,102900005116509,0.327,4.0,sale,No
2020-07-02,11:12:05.561,102900005125808,0.008,25.8,sale,No
2020-07-02,11:12:08.545,102900005119975,0.468,6.0,sale,No
2020-07-02,11:12:19.045,102900051004294,0.265,14.0,sale,No
2020-07-02,11:13:04.467,102900005116912,0.079,14.0,sale,No
2020-07-02,11:13:56.277,102900005116547,0.452,6.0,sale,No
2020-07-02,11:13:56.936,102900005115779,0.464,8.0,sale,No
2020-07-02,11:14:05.826,102900005115908,0.639,8.0,sale,No
2020-07-02,11:14:08.561,102900005115908,0.589,8.0,sale,No
2020-07-02,11:14:08.720,102900005115823,0.501,10.0,sale,No
2020-07-02,11:15:15.014,102900005116714,0.544,14.0,sale,No
2020-07-02,11:18:22.316,102900005115779,0.338,8.0,sale,No
2020-07-02,11:18:22.476,102900005117056,0.211,7.6,sale,No
2020-07-02,11:18:59.326,102900005116509,0.377,4.0,sale,No
2020-07-02,11:19:40.826,102900011000328,0.19,10.0,sale,No
2020-07-02,11:19:44.233,102900011006689,0.18,10.0,sale,No
2020-07-02,11:20:14.289,102900005125808,0.163,25.8,sale,No
2020-07-02,11:20:14.702,102900005116714,0.379,14.0,sale,No
2020-07-02,11:23:09.532,102900005116714,0.537,14.0,sale,No
2020-07-02,11:23:09.773,102900005116257,0.344,7.0,sale,No
2020-07-02,11:23:09.935,102900005116547,0.452,6.0,sale,No
2020-07-02,11:25:34.177,102900005119975,0.452,6.0,sale,No
2020-07-02,11:26:21.996,102900051004294,0.572,14.0,sale,No
2020-07-02,11:27:46.717,102900011009970,0.29,9.0,sale,No
2020-07-02,11:29:24.607,102900005125808,0.035,25.8,sale,No
2020-07-02,11:29:27.865,102900005119975,0.452,6.0,sale,No
2020-07-02,11:30:14.361,102900005115984,0.452,6.0,sale,No
2020-07-02,11:30:25.073,102900005115779,0.313,8.0,sale,No
2020-07-02,11:31:15.601,102900005115762,0.552,6.0,sale,No
2020-07-02,11:32:21.280,102900011000328,0.16,10.0,sale,No
2020-07-02,11:33:28.951,102900005125808,0.101,25.8,sale,No
2020-07-02,11:33:45.280,102900005115984,0.368,6.0,sale,No
2020-07-02,11:34:15.061,102900011006689,0.431,10.0,sale,No
2020-07-02,11:35:26.826,102900005115786,0.468,6.0,sale,No
2020-07-02,11:35:51.002,102900005119944,0.131,16.0,sale,No
2020-07-02,11:36:51.107,102900005116530,0.207,19.8,sale,No
2020-07-02,11:38:14.326,102900005116233,0.621,10.0,sale,No
2020-07-02,11:38:17.623,102900005117056,0.317,7.6,sale,No
2020-07-02,11:39:08.354,102900005119975,0.334,6.0,sale,No
2020-07-02,11:39:08.434,102900005116509,0.628,4.0,sale,No
2020-07-02,11:43:31.972,102900005115786,0.418,6.0,sale,No
2020-07-02,11:43:49.233,102900011009970,0.323,9.0,sale,No
2020-07-02,11:43:52.998,102900005115984,0.217,6.0,sale,No
2020-07-02,11:45:21.826,102900005115823,0.491,10.0,sale,No
2020-07-02,11:45:59.585,102900011008522,0.301,8.0,sale,No
2020-07-02,11:45:59.745,102900005116943,0.182,16.0,sale,No
2020-07-02,11:47:00.566,102900005116714,0.551,14.0,sale,No
2020-07-02,11:47:00.724,102900005115779,0.414,8.0,sale,No
2020-07-02,11:47:30.729,102900005117056,0.119,7.6,sale,No
2020-07-02,11:49:05.282,102900005116509,0.477,4.0,sale,No
2020-07-02,11:49:32.420,102900005116547,0.268,6.0,sale,No
2020-07-02,11:52:09.078,102900005119944,0.532,16.0,sale,No
2020-07-02,11:54:02.670,102900005117056,0.317,7.6,sale,No
2020-07-02,11:56:36.826,102900005117056,0.435,7.6,sale,No
2020-07-02,11:58:12.670,102900011000328,0.231,10.0,sale,No
2020-07-02,11:59:56.030,102900005115779,0.226,8.0,sale,No
2020-07-02,12:00:01.655,102900005118831,1.0,6.9,sale,No
2020-07-02,12:08:15.936,102900011009970,0.657,9.0,sale,No
2020-07-02,12:08:37.451,102900005115984,0.435,6.0,sale,No
2020-07-02,12:08:43.889,102900005116509,1.106,4.0,sale,No
2020-07-02,12:09:11.596,102900005117056,0.383,7.6,sale,No
2020-07-02,12:09:11.676,102900005116530,0.232,19.8,sale,No
2020-07-02,12:11:10.833,102900005116714,0.994,14.0,sale,No
2020-07-02,12:11:20.358,102900005116530,0.136,19.8,sale,No
2020-07-02,12:12:14.218,102900005115779,0.226,8.0,sale,No
2020-07-02,12:13:11.898,102900005116530,0.232,19.8,sale,No
2020-07-02,12:15:28.433,102900005117056,0.699,7.6,sale,No
2020-07-02,12:17:25.207,102900005115908,0.313,8.0,sale,No
2020-07-02,12:17:25.285,102900005115779,0.238,8.0,sale,No
2020-07-02,12:19:31.701,102900005125808,0.194,25.8,sale,No
2020-07-02,12:20:35.638,102900005116714,0.486,14.0,sale,No
2020-07-02,12:20:52.576,102900005115779,0.602,8.0,sale,No
2020-07-02,12:20:58.811,102900005116547,0.518,6.0,sale,No
2020-07-02,12:21:05.498,102900011009970,0.702,9.0,sale,No
2020-07-02,12:21:58.214,102900005115779,0.401,8.0,sale,No
2020-07-02,12:22:05.123,102900005118824,0.291,10.0,sale,No
2020-07-02,12:29:22.951,102900005125815,0.281,10.0,sale,No
2020-07-02,12:29:31.295,102900011009970,0.434,9.0,sale,No
2020-07-02,12:31:53.436,102900005115762,0.585,6.0,sale,No
2020-07-02,12:32:48.311,102900005115779,0.827,8.0,sale,No
2020-07-02,12:33:06.759,102900005117056,0.251,7.6,sale,No
2020-07-02,12:33:06.836,102900005116714,0.358,14.0,sale,No
2020-07-02,12:33:06.916,102900005115779,0.389,8.0,sale,No
2020-07-02,12:36:46.881,102900005115779,0.138,8.0,sale,No
2020-07-02,12:39:14.123,102900005115779,0.464,8.0,sale,No
2020-07-02,12:41:09.792,102900005115779,0.576,8.0,sale,No
2020-07-02,12:42:07.579,102900005115779,0.589,8.0,sale,No
2020-07-02,12:42:14.545,102900005116547,0.485,6.0,sale,No
2020-07-02,12:42:17.701,102900005115984,0.368,6.0,sale,No
2020-07-02,12:45:13.775,102900005116714,0.486,14.0,sale,No
2020-07-02,12:48:42.373,102900005116530,0.308,19.8,sale,No
2020-07-02,12:50:54.902,102900005115779,0.251,8.0,sale,No
2020-07-02,12:50:55.041,102900005116912,0.136,14.0,sale,No
2020-07-02,12:51:58.389,102900005116530,0.227,19.8,sale,No
2020-07-02,12:54:05.358,102900005115793,0.419,16.0,sale,No
2020-07-02,12:54:18.811,102900005116530,0.167,19.8,sale,No
2020-07-02,12:54:21.998,102900011000328,0.371,10.0,sale,No
2020-07-02,12:54:29.670,102900005116943,0.257,16.0,sale,No
2020-07-02,12:55:25.186,102900051004294,0.558,14.0,sale,No
2020-07-02,12:57:27.389,102900005115779,0.501,8.0,sale,No
2020-07-02,12:57:29.155,102900005117056,0.396,7.6,sale,No
2020-07-02,13:03:01.145,102900005115984,0.318,6.0,sale,No
2020-07-02,13:05:33.980,102900005115984,0.251,6.0,sale,No
2020-07-02,13:05:34.192,102900005116714,0.336,14.0,sale,No
2020-07-02,13:09:16.592,102900005119944,0.338,16.0,sale,No
2020-07-02,13:11:49.590,102900005119975,0.418,6.0,sale,No
2020-07-02,13:11:49.670,102900005116714,0.351,14.0,sale,No
2020-07-02,13:11:49.910,102900011009970,0.39,9.0,sale,No
2020-07-02,13:15:26.913,102900005115823,0.311,10.0,sale,No
2020-07-02,13:22:19.087,102900011009970,0.301,9.0,sale,No
2020-07-02,13:23:37.170,102900011009970,0.535,9.0,sale,No
2020-07-02,13:24:35.460,102900011008522,0.389,8.0,sale,No
2020-07-02,13:33:28.701,102900005115984,0.318,6.0,sale,No
2020-07-02,13:33:57.630,102900005115779,0.389,8.0,sale,No
2020-07-02,13:37:33.608,102900005116509,0.352,4.0,sale,No
2020-07-02,13:37:42.108,102900005125815,0.18,10.0,sale,No
2020-07-02,13:44:32.123,102900005116547,0.468,6.0,sale,No
2020-07-02,13:45:04.842,102900005115984,0.351,6.0,sale,No
2020-07-02,13:50:12.514,102900011008522,0.501,8.0,sale,No
2020-07-02,13:50:43.498,102900005118831,1.0,6.9,sale,No
2020-07-02,13:53:52.202,102900005116530,0.086,19.8,sale,No
2020-07-02,13:53:53.066,102900005125815,0.461,10.0,sale,No
2020-07-02,13:55:27.213,102900005115908,0.564,8.0,sale,No
2020-07-02,14:04:53.951,102900005118831,1.0,6.1,sale,Yes
2020-07-02,14:06:24.276,102900005125808,0.05,25.8,sale,No
2020-07-02,14:06:44.155,102900011008522,1.303,8.0,sale,No
2020-07-02,14:06:47.545,102900005115908,0.614,8.0,sale,No
2020-07-02,14:12:15.964,102900005116714,0.258,14.0,sale,No
2020-07-02,14:12:45.420,102900005116530,0.232,19.8,sale,No
2020-07-02,14:13:45.764,102900005115793,0.376,16.0,sale,No
2020-07-02,14:13:55.264,102900005115984,0.435,6.0,sale,No
2020-07-02,14:14:28.826,102900005116547,0.452,6.0,sale,No
2020-07-02,14:18:10.289,102900011009970,0.479,9.0,sale,No
2020-07-02,14:18:10.451,102900005125815,0.241,10.0,sale,No
2020-07-02,14:20:28.014,102900011009970,0.379,9.0,sale,No
2020-07-02,14:22:16.655,102900005125808,0.109,25.8,sale,No
2020-07-02,14:23:46.804,102900005116714,0.451,14.0,sale,No
2020-07-02,14:23:46.976,102900011000328,0.341,10.0,sale,No
2020-07-02,14:25:20.201,102900005118831,2.0,6.5,sale,Yes
2020-07-02,14:28:19.514,102900005116257,0.673,7.0,sale,No
2020-07-02,14:28:45.108,102900005117056,0.541,7.6,sale,No
2020-07-02,14:29:24.920,102900005115779,0.89,8.0,sale,No
2020-07-02,14:29:28.733,102900005115960,1.038,3.2,sale,No
2020-07-02,14:32:10.014,102900005115984,0.518,6.0,sale,No
2020-07-02,14:33:50.967,102900005125808,0.085,25.8,sale,No
2020-07-02,14:34:39.670,102900005116257,0.444,7.0,sale,No
2020-07-02,14:42:02.826,102900005125808,0.426,25.8,sale,No
2020-07-02,14:44:37.201,102900005116530,0.323,19.8,sale,No
2020-07-02,14:45:01.201,102900051010455,0.345,9.0,sale,No
2020-07-02,14:48:14.983,102900011009970,0.479,9.0,sale,No
2020-07-02,14:54:36.108,102900051004294,0.279,14.0,sale,No
2020-07-02,14:57:46.936,102900005117056,0.449,7.6,sale,No
2020-07-02,15:06:57.619,102900005115984,0.284,6.0,sale,No
2020-07-02,15:06:57.786,102900005115946,0.401,7.0,sale,No
2020-07-02,15:10:01.217,102900005116714,0.351,14.0,sale,No
2020-07-02,15:10:08.280,102900005116943,0.294,16.0,sale,No
2020-07-02,15:11:33.967,102900005115984,0.368,6.0,sale,No
2020-07-02,15:12:02.201,102900005125815,0.21,10.0,sale,No
2020-07-02,15:13:16.576,102900005115908,0.414,8.0,sale,No
2020-07-02,15:13:51.233,102900005115779,0.351,8.0,sale,No
2020-07-02,15:14:04.045,102900005119975,0.435,6.0,sale,No
2020-07-02,15:14:12.092,102900005115984,0.518,6.0,sale,No
2020-07-02,15:16:35.812,102900005117056,0.33,7.6,sale,No
2020-07-02,15:18:40.139,102900005115984,0.234,6.0,sale,No
2020-07-02,15:18:52.186,102900005116257,0.745,7.0,sale,No
2020-07-02,15:25:33.325,102900005116790,0.551,8.0,sale,No
2020-07-02,15:25:33.660,102900005118824,0.291,10.0,sale,No
2020-07-02,15:25:34.645,102900005119975,0.217,6.0,sale,No
2020-07-02,15:25:34.812,102900005115779,0.363,8.0,sale,No
2020-07-02,15:28:57.659,102900005115984,0.652,6.0,sale,No
2020-07-02,15:29:19.244,102900005115984,0.251,6.0,sale,No
2020-07-02,15:30:12.748,102900005117056,0.66,7.6,sale,No
2020-07-02,15:30:38.155,102900005116714,0.365,14.0,sale,No
2020-07-02,15:30:57.479,102900005115762,0.569,6.0,sale,No
2020-07-02,15:30:57.644,102900005116509,0.377,4.0,sale,No
2020-07-02,15:30:58.629,102900051004294,0.207,14.0,sale,No
2020-07-02,15:33:43.280,102900005115786,0.401,6.0,sale,No
2020-07-02,15:33:55.373,102900005117056,0.607,7.6,sale,No
2020-07-02,15:33:57.217,102900005115984,0.602,6.0,sale,No
2020-07-02,15:37:16.527,102900005116509,1.03,4.0,sale,No
2020-07-02,15:37:17.175,102900005119975,0.468,6.0,sale,No
2020-07-02,15:38:40.247,102900005116226,0.238,8.0,sale,No
2020-07-02,15:38:40.741,102900005116233,0.15,10.0,sale,No
2020-07-02,15:41:25.701,102900005116257,0.459,7.0,sale,No
2020-07-02,15:43:12.803,102900005115984,0.351,6.0,sale,No
2020-07-02,15:43:12.973,102900005116509,0.377,4.0,sale,No
2020-07-02,15:43:13.649,102900005116233,0.12,10.0,sale,No
2020-07-02,15:45:51.019,102900005116943,0.131,16.0,sale,No
2020-07-02,15:49:11.842,102900005119944,0.357,16.0,sale,No
2020-07-02,15:50:39.068,102900005116547,0.184,6.0,sale,No
2020-07-02,15:50:39.406,102900005125808,0.058,25.8,sale,No
2020-07-02,15:50:39.574,102900011006689,0.16,10.0,sale,No
2020-07-02,15:50:40.030,102900005115908,0.426,8.0,sale,No
2020-07-02,15:56:32.514,102900005125808,0.291,25.8,sale,No
2020-07-02,15:56:35.155,102900005117056,0.712,7.6,sale,No
2020-07-02,16:01:35.885,102900011000328,0.15,10.0,sale,No
2020-07-02,16:03:34.342,102900011008522,0.539,8.0,sale,No
2020-07-02,16:06:15.418,102900005125815,0.251,10.0,sale,No
2020-07-02,16:07:42.811,102900005115984,0.418,6.0,sale,No
2020-07-02,16:10:05.858,102900005117056,0.369,7.6,sale,No
2020-07-02,16:10:41.451,102900011001219,0.334,12.0,sale,No
2020-07-02,16:10:55.655,102900005123880,0.359,12.0,sale,No
2020-07-02,16:11:05.998,102900005115823,0.471,10.0,sale,No
2020-07-02,16:11:19.733,102900005115779,0.301,8.0,sale,No
2020-07-02,16:11:24.326,102900005116530,0.162,19.8,sale,No
2020-07-02,16:14:51.224,102900005115984,0.468,6.0,sale,No
2020-07-02,16:17:10.998,102900005115823,0.19,10.0,sale,No
2020-07-02,16:18:14.201,102900011009970,0.512,9.0,sale,No
2020-07-02,16:18:37.998,102900005117056,0.238,7.6,sale,No
2020-07-02,16:18:58.310,102900005119944,0.113,16.0,sale,No
2020-07-02,16:18:58.475,102900005116530,0.061,19.8,sale,No
2020-07-02,16:18:59.312,102900005116233,0.311,10.0,sale,No
2020-07-02,16:18:59.985,102900011009970,0.523,9.0,sale,No
2020-07-02,16:19:00.317,102900005115762,0.669,6.0,sale,No
2020-07-02,16:20:04.170,102900005125808,0.078,25.8,sale,No
2020-07-02,16:20:22.685,102900005115908,0.326,8.0,sale,No
2020-07-02,16:20:22.853,102900005116714,0.436,14.0,sale,No
2020-07-02,16:20:23.708,102900011000328,0.231,10.0,sale,No
2020-07-02,16:20:24.048,102900005125808,0.078,25.8,sale,No
2020-07-02,16:22:23.278,102900005115779,0.451,8.0,sale,No
2020-07-02,16:23:01.515,102900005125815,0.281,10.0,sale,No
2020-07-02,16:23:22.691,102900005115984,0.652,6.0,sale,No
2020-07-02,16:25:28.549,102900005115786,0.552,6.0,sale,No
2020-07-02,16:25:30.093,102900005115779,0.439,8.0,sale,No
2020-07-02,16:26:17.576,102900005119975,0.485,6.0,sale,No
2020-07-02,16:27:58.530,102900005116714,0.336,14.0,sale,No
2020-07-02,16:29:41.530,102900005116714,0.422,14.0,sale,No
2020-07-02,16:29:49.342,102900005117056,0.435,7.6,sale,No
2020-07-02,16:30:44.639,102900005125808,0.151,25.8,sale,No
2020-07-02,16:31:26.218,102900005115779,0.188,8.0,sale,No
2020-07-02,16:32:46.623,102900005115823,0.601,10.0,sale,No
2020-07-02,16:33:06.079,102900005117056,0.528,7.6,sale,No
2020-07-02,16:33:06.248,102900005116509,0.804,4.0,sale,No
2020-07-02,16:34:09.332,102900051004294,0.207,14.0,sale,No
2020-07-02,16:34:31.758,102900005115779,0.301,8.0,sale,No
2020-07-02,16:34:36.431,102900005116714,0.422,14.0,sale,No
2020-07-02,16:35:25.248,102900005115779,0.652,8.0,sale,No
2020-07-02,16:35:28.655,102900011006948,0.419,16.0,sale,No
2020-07-02,16:36:35.045,102900005116714,0.329,14.0,sale,No
2020-07-02,16:38:33.155,102900005117056,0.844,7.6,sale,No
2020-07-02,16:38:45.717,102900005116509,0.804,4.0,sale,No
2020-07-02,16:39:53.886,102900005117056,0.369,7.6,sale,No
2020-07-02,16:39:56.201,102900005118824,0.251,10.0,sale,No
2020-07-02,16:45:49.141,102900005123880,0.342,12.0,sale,No
2020-07-02,16:46:54.201,102900005115946,0.731,7.0,sale,No
2020-07-02,16:47:14.936,102900005115786,0.769,6.0,sale,No
2020-07-02,16:49:08.920,102900005115779,0.426,8.0,sale,No
2020-07-02,16:49:14.467,102900005116547,0.284,6.0,sale,No